load_id,load_status,load_type,invoice_status,booked_date,delivered_date,invoice_ready_date,invoice_sent_date,payment_received_date,pickup_location,drop_location,margin,shipper_base_rate,shipper_accessorial_charges,shipper_total_rate,carrier_base_rate,carrier_accessorial_charges,carrier_total_rate,broker_name,broker_role,booked_amount,delivered_amount,invoice_sent_amount,payment_received_amount,shipper_payment_term,in_collections?,days_invoice_pending,bill_status,billed_date,bill_due_date,bill_paid_date,billed_$,bill_paid_$,bill_balance_$,bill_overdue?,days_bill_pending,shipper_name,carrier_name,revenue,cost,gross_profit,gross_margin_pct,ar_days,is_delivered,is_in_transit
LD001,BOOKED,DRAYAGE,,12/9/2025,,,,,,,440,1140,0,1140,700,0,700,David,BROKER,1140,0,0,0,Net 15,No,0,,,,,0,0,0,No,0,Shipper 1,Carrier 1,0,0,0,0,,FALSE,FALSE
LD002,BOOKED,DRAYAGE,,12/9/2025,,,,,,,155,755,0,755,600,0,600,Mark,TEAM_LEAD,755,0,0,0,Net 30,No,0,,,,,0,0,0,No,0,Shipper 2,Carrier 2,0,0,0,0,,FALSE,FALSE
LD003,BOOKED,DRAYAGE,,12/9/2025,,,,,,,155,755,0,755,600,0,600,Mark,TEAM_LEAD,755,0,0,0,Net 30,No,0,,,,,0,0,0,No,0,Shipper 2,Carrier 2,0,0,0,0,,FALSE,FALSE
LD004,BOOKED,DRAYAGE,,12/8/2025,,,,,"Newark, New Jersey 07114","Manassas, Virginia 20109",300,2000,0,2000,1700,0,1700,Ana,BROKER,2000,0,0,0,Net 15,No,0,,,,,0,0,0,No,0,Shipper 3,Carrier 3,0,0,0,0,,FALSE,FALSE
LD005,ON_ROUTE,LTL,,12/8/2025,,,,,",",",",0,425,0,425,425,0,425,Rick,BROKER,425,0,0,0,Net 30,No,0,,,,,0,0,0,No,0,Shipper 4,Carrier 4,0,0,0,0,,FALSE,TRUE
LD006,BOOKED,DRAYAGE,,12/8/2025,,,,,",",",",100,800,0,800,700,0,700,David,BROKER,800,0,0,0,Net 30,No,0,,,,,0,0,0,No,0,Shipper 5,Carrier 5,0,0,0,0,,FALSE,FALSE
LD007,BOOKED,DRAYAGE,,12/8/2025,,,,,",",",",334.56,3334.56,0,3334.56,3000,0,3000,Mark,TEAM_LEAD,3334.56,0,0,0,Net 30,No,0,,,,,0,0,0,No,0,Shipper 2,Carrier 6,0,0,0,0,,FALSE,FALSE
LD008,BOOKED,DRAYAGE,,12/5/2025,,,,,"Oakland, California 94607-1046","Sacramento, California 95827-3044",354,1154,0,1154,800,0,800,Ana,BROKER,1154,0,0,0,Net 30,No,0,,,,,0,0,0,No,0,Shipper 6,Carrier 7,0,0,0,0,,FALSE,FALSE
LD009,ON_ROUTE,FTL,,12/5/2025,,,,,",",",",150,2350,0,2350,2200,0,2200,Rick,BROKER,2350,0,0,0,Net 30,No,0,,,,,0,0,0,No,0,Shipper 7,Carrier 8,0,0,0,0,,FALSE,TRUE
LD010,BOOKED,DRAYAGE,,12/4/2025,,,,,"Elizabeth, New Jersey 07201","Sterling, Virginia 20166",500,2200,0,2200,1700,0,1700,Ana,BROKER,2200,0,0,0,Net 7,No,0,,,,,0,0,0,No,0,Shipper 8,Carrier 3,0,0,0,0,,FALSE,FALSE
LD011,ON_ROUTE,FTL,,12/4/2025,,,,,",",",",50,300,0,300,250,0,250,Mark,TEAM_LEAD,300,0,0,0,Net 30,No,0,,,,,0,0,0,No,0,Shipper 9,Carrier 9,0,0,0,0,,FALSE,TRUE
LD012,BOOKED,DRAYAGE,,12/4/2025,,,,,",",",",100,800,0,800,700,0,700,David,BROKER,800,0,0,0,Net 30,No,0,,,,,0,0,0,No,0,Shipper 5,Carrier 5,0,0,0,0,,FALSE,FALSE
LD013,DELIVERED,FTL,,12/4/2025,12/9/2025,,,,",",",",145,1145,0,1145,1000,0,1000,Rick,BROKER,1145,1145,0,0,Net 30,No,0,,,,,0,0,0,No,0,Shipper 10,Carrier 10,0,0,0,0,,TRUE,FALSE
LD014,BOOKED,DRAYAGE,,12/4/2025,,,,,",",",",334.56,3334.56,0,3334.56,3000,0,3000,Mark,TEAM_LEAD,3334.56,0,0,0,Net 30,No,0,,,,,0,0,0,No,0,Shipper 2,Carrier 6,0,0,0,0,,FALSE,FALSE
LD015,BOOKED,FTL,,12/4/2025,,,,,",",",",200,800,0,800,600,0,600,Mark,TEAM_LEAD,800,0,0,0,Net 30,No,0,,,,,0,0,0,No,0,Shipper 2,Carrier 2,0,0,0,0,,FALSE,FALSE
LD016,BOOKED,DRAYAGE,,12/4/2025,,,,,",",",",200,800,0,800,600,0,600,Mark,TEAM_LEAD,800,0,0,0,Net 30,No,0,,,,,0,0,0,No,0,Shipper 2,Carrier 2,0,0,0,0,,FALSE,FALSE
LD017,BOOKED,DRAYAGE,,12/4/2025,,,,,",",",",200,800,0,800,600,0,600,Mark,TEAM_LEAD,800,0,0,0,Net 30,No,0,,,,,0,0,0,No,0,Shipper 2,Carrier 2,0,0,0,0,,FALSE,FALSE
LD018,BOOKED,DRAYAGE,,12/3/2025,,,,,",",",",100,800,0,800,700,0,700,David,BROKER,800,0,0,0,Net 30,No,0,,,,,0,0,0,No,0,Shipper 5,Carrier 5,0,0,0,0,,FALSE,FALSE
LD019,BOOKED,DRAYAGE,,12/3/2025,,,,,",",",",450,2150,0,2150,1700,0,1700,Mark,TEAM_LEAD,2150,0,0,0,Net 30,No,0,,,,,0,0,0,No,0,Shipper 2,Carrier 11,0,0,0,0,,FALSE,FALSE
LD020,BOOKED,FTL,,12/3/2025,,,,,",",",",450,2150,0,2150,1700,0,1700,Mark,TEAM_LEAD,2150,0,0,0,Net 30,No,0,,,,,0,0,0,No,0,Shipper 2,Carrier 11,0,0,0,0,,FALSE,FALSE
LD021,INVOICED,DRAYAGE,Invoice Sent,12/2/2025,12/4/2025,12/9/2025,12/9/2025,,",",",",201.25,500,1236.25,1736.25,1535,0,1535,Mark,TEAM_LEAD,1736.25,1736.25,1736.25,0,Net 30,No,0,BillNotPaid,12/9/2025,12/16/2025,,0,0,0,No,0,Shipper 2,Carrier 12,0,0,0,0,,FALSE,FALSE
LD022,INVOICED,DRAYAGE,Invoice Sent,12/2/2025,12/4/2025,12/9/2025,12/9/2025,,",",",",212.5,500,1512.5,2012.5,1800,0,1800,Mark,TEAM_LEAD,2012.5,2012.5,2012.5,0,Net 30,No,0,BillNotPaid,12/9/2025,12/16/2025,,0,0,0,No,0,Shipper 2,Carrier 12,0,0,0,0,,FALSE,FALSE
LD023,BOOKED,FTL,,12/2/2025,,,,,",",",",135,490,0,490,355,0,355,Mark,TEAM_LEAD,490,0,0,0,Net 30,No,0,,,,,0,0,0,No,0,Shipper 2,Carrier 2,0,0,0,0,,FALSE,FALSE
LD024,ON_ROUTE,FTL,,12/2/2025,,,,,",",",",450,6150,0,6150,5700,0,5700,Ana,BROKER,6150,0,0,0,Net 7,No,0,,,,,0,0,0,No,0,Shipper 8,Carrier 13,0,0,0,0,,FALSE,TRUE
LD025,DELIVERED,FTL,,12/2/2025,12/3/2025,,,,",",",",-65,1935,0,1935,2000,0,2000,Rick,BROKER,1935,1935,0,0,Net 30,No,0,,,,,0,0,0,No,0,Shipper 7,Carrier 14,0,0,0,0,,TRUE,FALSE
LD026,BOOKED,LTL,,12/2/2025,,,,,",",",",59.03,614.43,0,614.43,555.4,0,555.4,Mark,TEAM_LEAD,614.43,0,0,0,Net 30,No,0,,,,,0,0,0,No,0,Shipper 12,Carrier 15,0,0,0,0,,FALSE,FALSE
LD027,BOOKED,DRAYAGE,,12/2/2025,,,,,",",",",135,490,0,490,355,0,355,Mark,TEAM_LEAD,490,0,0,0,Net 30,No,0,,,,,0,0,0,No,0,Shipper 2,Carrier 2,0,0,0,0,,FALSE,FALSE
LD028,BOOKED,DRAYAGE,,12/2/2025,,,,,",",",",450,1350,0,1350,900,0,900,David,BROKER,1350,0,0,0,Net 30,No,0,,,,,0,0,0,No,0,Shipper 5,Carrier 16,0,0,0,0,,FALSE,FALSE
LD029,RECEIVED,FTL,Received,12/1/2025,12/1/2025,12/2/2025,12/2/2025,12/7/2025,",",",",100,400,0,400,300,0,300,Mark,TEAM_LEAD,400,400,400,400,Net 30,No,0,BillNotPaid,12/5/2025,12/12/2025,,0,0,0,No,0,Shipper 9,Carrier 17,0,0,0,0,6,FALSE,FALSE
LD030,BOOKED,DRAYAGE,,12/1/2025,,,,,",",",",160,2400,0,2400,2240,0,2240,Mark,TEAM_LEAD,2400,0,0,0,Net 30,No,0,,,,,0,0,0,No,0,Shipper 2,Carrier 18,0,0,0,0,,FALSE,FALSE
LD031,RECEIVED,DRAYAGE,Received,12/1/2025,12/2/2025,12/2/2025,12/2/2025,12/7/2025,",",",",20,200,0,200,180,0,180,James,BROKER,200,200,200,200,Net 15,No,0,BillNotPaid,12/2/2025,1/1/2026,,0,0,0,No,0,Shipper 11,Carrier 19,0,0,0,0,5,FALSE,FALSE
LD032,INVOICED,FTL,Invoice Sent,12/1/2025,12/8/2025,12/8/2025,12/8/2025,,",",",",875,3875,0,3875,3000,0,3000,Rick,BROKER,3875,3875,3875,0,Net 30,No,0,BillNotPaid,12/8/2025,12/15/2025,,0,0,0,No,0,Shipper 4,Carrier 20,0,0,0,0,,FALSE,FALSE
LD033,RECEIVED,DRAYAGE,Received,12/1/2025,12/2/2025,12/2/2025,12/2/2025,12/7/2025,",",",",20,200,0,200,180,0,180,James,BROKER,200,200,200,200,Net 15,No,0,BillNotPaid,12/2/2025,1/1/2026,,0,0,0,No,0,Shipper 11,Carrier 21,0,0,0,0,5,FALSE,FALSE
LD034,RECEIVED,DRAYAGE,Received,12/1/2025,12/2/2025,12/2/2025,12/2/2025,12/7/2025,",",",",20,200,0,200,180,0,180,James,BROKER,200,200,200,200,Net 15,No,0,BillNotPaid,12/2/2025,1/1/2026,,0,0,0,No,0,Shipper 11,Carrier 19,0,0,0,0,5,FALSE,FALSE
LD035,DELIVERED,FTL,,12/1/2025,12/5/2025,,,,",",",",687,2237,0,2237,1550,0,1550,Rick,BROKER,2237,2237,0,0,Net 30,No,0,,,,,0,0,0,No,0,Shipper 4,Carrier 22,0,0,0,0,,TRUE,FALSE
LD036,BOOKED,DRAYAGE,,11/26/2025,,,,,"Newark, New Jersey 07114","Manassas, Virginia 20109",400,2000,0,2000,1600,0,1600,Ana,BROKER,2000,0,0,0,Net 15,No,0,,,,,0,0,0,No,0,Shipper 3,Carrier 3,0,0,0,0,,FALSE,FALSE
LD037,RECEIVED,FTL,Received,11/26/2025,11/26/2025,12/3/2025,12/3/2025,12/3/2025,",",",",70,300,0,300,230,0,230,Mark,TEAM_LEAD,300,300,300,300,Net 30,No,0,BillNotPaid,12/5/2025,1/4/2026,,0,0,0,No,0,Shipper 9,Carrier 23,0,0,0,0,7,FALSE,FALSE
LD038,INVOICED,LTL,Invoice Sent,11/25/2025,11/25/2025,12/1/2025,12/1/2025,,",",",",165,565,0,565,400,0,400,Rick,BROKER,565,565,565,0,Net 30,No,0,BillNotPaid,12/1/2025,12/31/2025,,0,0,0,No,0,Shipper 10,Carrier 24,0,0,0,0,,FALSE,FALSE
LD039,RECEIVED,FTL,Received,11/25/2025,11/26/2025,12/3/2025,12/3/2025,12/3/2025,",",",",50,500,0,500,450,0,450,Mark,TEAM_LEAD,500,500,500,500,Net 30,No,0,BillNotPaid,12/5/2025,1/4/2026,,0,0,0,No,0,Shipper 9,Carrier 25,0,0,0,0,7,FALSE,FALSE
LD040,INVOICED,FTL,Invoice Sent,11/25/2025,11/26/2025,12/1/2025,12/1/2025,,",",",",150,2250,0,2250,2100,0,2100,Rick,BROKER,2250,2250,2250,0,Net 30,No,0,BillNotPaid,12/1/2025,12/31/2025,,0,0,0,No,0,Shipper 7,Carrier 26,0,0,0,0,,FALSE,FALSE
LD041,INVOICED,FTL,Invoice Sent,11/25/2025,12/1/2025,12/2/2025,12/2/2025,,",",",",200,3200,0,3200,3000,0,3000,David,BROKER,3200,3200,3200,0,Net 30,No,0,BillNotPaid,12/5/2025,1/4/2026,,0,0,0,No,0,Shipper 15,Carrier 27,0,0,0,0,,FALSE,FALSE
LD042,INVOICED,DRAYAGE,Invoice Sent,11/24/2025,12/1/2025,12/3/2025,12/3/2025,,",",",",195.4,393.76,455,848.76,653.36,0,653.36,Mark,TEAM_LEAD,848.76,848.76,848.76,0,Net 30,No,0,BillNotPaid,12/5/2025,1/4/2026,,0,0,0,No,0,Shipper 2,Carrier 28,0,0,0,0,,FALSE,FALSE
LD043,BOOKED,DRAYAGE,,11/24/2025,,,,,"Newark, New Jersey 07114","Manassas, Virginia 20109",400,2000,0,2000,1600,0,1600,Ana,BROKER,2000,0,0,0,Net 15,No,0,,,,,0,0,0,No,0,Shipper 3,Carrier 3,0,0,0,0,,FALSE,FALSE
LD044,BOOKED,DRAYAGE,,11/24/2025,,,,,",",",",291,930,0,930,639,0,639,David,BROKER,930,0,0,0,Net 15,No,0,,,,,0,0,0,No,0,Shipper 1,Carrier 29,0,0,0,0,,FALSE,FALSE
LD045,RECEIVED,FTL,Received,11/24/2025,11/25/2025,12/3/2025,12/3/2025,12/7/2025,",",",",150,650,0,650,500,0,500,Mark,TEAM_LEAD,650,650,650,650,Net 30,No,0,BillNotPaid,12/5/2025,1/4/2026,,0,0,0,No,0,Shipper 9,Carrier 30,0,0,0,0,12,FALSE,FALSE
LD046,INVOICED,FTL,Invoice Sent,11/21/2025,11/25/2025,12/1/2025,12/1/2025,,",",",",34.5,1550,520,2070,2035.5,0,2035.5,Mark,TEAM_LEAD,2070,2070,2070,0,Net 30,No,0,BillNotPaid,12/1/2025,12/31/2025,,0,0,0,No,0,Shipper 2,Carrier 31,0,0,0,0,,FALSE,FALSE
LD047,RECEIVED,DRAYAGE,Received,11/20/2025,11/20/2025,11/20/2025,11/20/2025,11/30/2025,",",",",20,200,0,200,180,0,180,James,BROKER,200,200,200,200,Net 15,No,0,BillNotPaid,12/5/2025,1/4/2026,,0,0,0,No,0,Shipper 11,Carrier 32,0,0,0,0,10,FALSE,FALSE
LD048,INVOICED,DRAYAGE,Invoice Sent,11/20/2025,11/25/2025,11/26/2025,11/26/2025,,",",",",450,2150,0,2150,1700,0,1700,Mark,TEAM_LEAD,2150,2150,2150,0,Net 30,No,0,BillNotPaid,12/5/2025,1/4/2026,,0,0,0,No,0,Shipper 2,Carrier 11,0,0,0,0,,FALSE,FALSE
LD049,BOOKED,FTL,,11/20/2025,,,,,",",",",125,1375,0,1375,1250,0,1250,David,BROKER,1375,0,0,0,Net 15,No,0,,,,,0,0,0,No,0,Shipper 1,Carrier 3,0,0,0,0,,FALSE,FALSE
LD050,INVOICED,DRAYAGE,Invoice Sent,11/20/2025,11/21/2025,12/2/2025,12/2/2025,,",",",",335,490,200,690,355,0,355,Mark,TEAM_LEAD,690,690,690,0,Net 30,No,0,BillNotPaid,12/2/2025,1/1/2026,,0,0,0,No,0,Shipper 2,Carrier 2,0,0,0,0,,FALSE,FALSE
LD051,COLLECTION,DRAYAGE,Invoice Sent,11/19/2025,11/20/2025,11/20/2025,11/20/2025,,",",",",40,120,0,120,80,0,80,James,BROKER,120,120,120,0,Net 15,Yes,4,BillNotPaid,11/20/2025,12/20/2025,,0,0,0,No,0,Shipper 11,Carrier 33,0,0,0,0,,FALSE,FALSE
LD052,BOOKED,DRAYAGE,,11/19/2025,,,,,"Newark, New Jersey 07114","Manassas, Virginia 20109",400,2000,0,2000,1600,0,1600,Ana,BROKER,2000,0,0,0,Net 15,No,0,,,,,0,0,0,No,0,Shipper 3,Carrier 3,0,0,0,0,,FALSE,FALSE
LD053,INVOICED,DRAYAGE,Invoice Sent,11/19/2025,11/26/2025,12/8/2025,12/8/2025,,",",",",100,1500,0,1500,1400,0,1400,Mark,TEAM_LEAD,1500,1500,1500,0,Net 30,No,0,BillNotPaid,12/8/2025,12/15/2025,,0,0,0,No,0,Shipper 2,Carrier 11,0,0,0,0,,FALSE,FALSE
LD054,INVOICED,FTL,Invoice Sent,11/19/2025,11/25/2025,12/2/2025,12/2/2025,,",",",",170,1070,0,1070,900,0,900,David,BROKER,1070,1070,1070,0,Net 30,No,0,BillNotPaid,12/5/2025,1/4/2026,,0,0,0,No,0,Shipper 5,Carrier 34,0,0,0,0,,FALSE,FALSE
LD055,BOOKED,DRAYAGE,,11/18/2025,,,,,",",",",450,1350,0,1350,900,0,900,David,BROKER,1350,0,0,0,Net 30,No,0,,,,,0,0,0,No,0,Shipper 5,Carrier 16,0,0,0,0,,FALSE,FALSE
LD056,INVOICED,DRAYAGE,Invoice Sent,11/18/2025,11/21/2025,11/26/2025,11/26/2025,,",",",",200,1200,0,1200,1000,0,1000,Mark,TEAM_LEAD,1200,1200,1200,0,Net 30,No,0,BillNotPaid,12/5/2025,1/4/2026,,0,0,0,No,0,Shipper 2,Carrier 35,0,0,0,0,,FALSE,FALSE
LD057,INVOICED,DRAYAGE,Invoice Sent,11/18/2025,11/19/2025,11/26/2025,11/26/2025,,",",",",200,1200,0,1200,1000,0,1000,Mark,TEAM_LEAD,1200,1200,1200,0,Net 30,No,0,BillNotPaid,12/5/2025,1/4/2026,,0,0,0,No,0,Shipper 2,Carrier 35,0,0,0,0,,FALSE,FALSE
LD058,INVOICED,DRAYAGE,Invoice Sent,11/18/2025,11/21/2025,11/26/2025,11/26/2025,,",",",",200,1200,0,1200,1000,0,1000,Mark,TEAM_LEAD,1200,1200,1200,0,Net 30,No,0,BillNotPaid,12/5/2025,1/4/2026,,0,0,0,No,0,Shipper 2,Carrier 35,0,0,0,0,,FALSE,FALSE
LD059,INVOICED,DRAYAGE,Invoice Sent,11/18/2025,11/20/2025,11/26/2025,11/26/2025,,",",",",200,1200,0,1200,1000,0,1000,Mark,TEAM_LEAD,1200,1200,1200,0,Net 30,No,0,BillNotPaid,12/5/2025,12/12/2025,,0,0,0,No,0,Shipper 2,Carrier 35,0,0,0,0,,FALSE,FALSE
LD060,INVOICED,DRAYAGE,Invoice Sent,11/18/2025,11/20/2025,11/26/2025,11/26/2025,,",",",",200,1200,0,1200,1000,0,1000,Mark,TEAM_LEAD,1200,1200,1200,0,Net 30,No,0,BillNotPaid,12/5/2025,12/12/2025,,0,0,0,No,0,Shipper 2,Carrier 35,0,0,0,0,,FALSE,FALSE
LD061,INVOICED,DRAYAGE,Invoice Sent,11/18/2025,11/22/2025,11/26/2025,11/26/2025,,",",",",200,1200,0,1200,1000,0,1000,Mark,TEAM_LEAD,1200,1200,1200,0,Net 30,No,0,BillNotPaid,12/5/2025,12/12/2025,,0,0,0,No,0,Shipper 2,Carrier 35,0,0,0,0,,FALSE,FALSE
LD062,INVOICED,DRAYAGE,Invoice Sent,11/18/2025,11/20/2025,11/26/2025,11/26/2025,,",",",",200,1200,0,1200,1000,0,1000,Mark,TEAM_LEAD,1200,1200,1200,0,Net 30,No,0,BillNotPaid,12/5/2025,12/12/2025,,0,0,0,No,0,Shipper 2,Carrier 35,0,0,0,0,,FALSE,FALSE
LD063,COLLECTION,DRAYAGE,Invoice Sent,11/18/2025,11/19/2025,11/20/2025,11/20/2025,,",",",",-60,120,0,120,180,0,180,James,BROKER,120,120,120,0,Net 15,Yes,4,BillNotPaid,11/20/2025,12/20/2025,,0,0,0,No,0,Shipper 11,Carrier 32,0,0,0,0,,FALSE,FALSE
LD064,INVOICED,FTL,Invoice Sent,11/18/2025,11/19/2025,11/19/2025,11/19/2025,,",",",",105,325,80,405,300,0,300,David,BROKER,405,405,405,0,Net 30,No,0,BillNotPaid,11/26/2025,12/26/2025,,0,0,0,No,0,Shipper 15,Carrier 36,0,0,0,0,,FALSE,FALSE
LD065,INVOICED,LTL,Invoice Sent,11/17/2025,11/18/2025,11/20/2025,11/20/2025,,",",",",165,565,0,565,400,0,400,Rick,BROKER,565,565,565,0,Net 30,No,0,BillNotPaid,11/20/2025,12/20/2025,,0,0,0,No,0,Shipper 10,Carrier 37,0,0,0,0,,FALSE,FALSE
LD066,INVOICED,FTL,Invoice Sent,11/15/2025,11/17/2025,11/17/2025,11/17/2025,,",",",",300,1600,0,1600,1300,0,1300,Rick,BROKER,1600,1600,1600,0,Net 30,No,0,BillNotPaid,12/5/2025,12/12/2025,,0,0,0,No,0,Shipper 7,Carrier 38,0,0,0,0,,FALSE,FALSE
LD067,INVOICED,FTL,Invoice Sent,11/15/2025,11/17/2025,11/17/2025,11/17/2025,,",",",",200,1400,0,1400,1200,0,1200,Rick,BROKER,1400,1400,1400,0,Net 30,No,0,BillNotPaid,12/5/2025,12/12/2025,,0,0,0,No,0,Shipper 7,Carrier 39,0,0,0,0,,FALSE,FALSE
LD068,BOOKED,DRAYAGE,,11/14/2025,,,,,",",",",415,1240,0,1240,825,0,825,David,BROKER,1240,0,0,0,Net 15,No,0,,,,,0,0,0,No,0,Shipper 1,Carrier 40,0,0,0,0,,FALSE,FALSE
LD069,RECEIVED,DRAYAGE,Received,11/14/2025,11/14/2025,11/17/2025,11/17/2025,11/23/2025,",",",",20,200,0,200,180,0,180,James,BROKER,200,200,200,200,Net 15,No,0,BillNotPaid,11/17/2025,12/17/2025,,0,0,0,No,0,Shipper 11,Carrier 41,0,0,0,0,9,FALSE,FALSE
LD070,BOOKED,DRAYAGE,,11/14/2025,,,,,",",",",155,755,0,755,600,0,600,Mark,TEAM_LEAD,755,0,0,0,Net 30,No,0,,,,,0,0,0,No,0,Shipper 2,Carrier 2,0,0,0,0,,FALSE,FALSE
LD071,BOOKED,DRAYAGE,,11/14/2025,,,,,",",",",155,755,0,755,600,0,600,Mark,TEAM_LEAD,755,0,0,0,Net 30,No,0,,,,,0,0,0,No,0,Shipper 2,Carrier 2,0,0,0,0,,FALSE,FALSE
LD072,BOOKED,DRAYAGE,,11/14/2025,,,,,",",",",155,755,0,755,600,0,600,Mark,TEAM_LEAD,755,0,0,0,Net 30,No,0,,,,,0,0,0,No,0,Shipper 2,Carrier 2,0,0,0,0,,FALSE,FALSE
LD073,INVOICED,LTL,Invoice Sent,11/19/2025,11/20/2025,11/20/2025,11/20/2025,,",",",",77,377,0,377,300,0,300,Rick,BROKER,377,377,377,0,Net 30,No,0,BillNotPaid,12/5/2025,1/4/2026,,0,0,0,No,0,Shipper 16,Carrier 42,0,0,0,0,,FALSE,FALSE
LD074,INVOICED,DRAYAGE,Invoice Sent,11/14/2025,11/17/2025,11/19/2025,11/19/2025,,",",",",430,1750,90,1840,1410,0,1410,Mark,TEAM_LEAD,1840,1840,1840,0,Net 30,No,0,BillNotPaid,12/5/2025,12/12/2025,,0,0,0,No,0,Shipper 2,Carrier 11,0,0,0,0,,FALSE,FALSE
LD075,INVOICED,FTL,Invoice Sent,11/14/2025,11/17/2025,11/17/2025,11/17/2025,,",",",",150,1150,0,1150,1000,0,1000,Rick,BROKER,1150,1150,1150,0,Net 30,No,0,BillNotPaid,12/5/2025,12/12/2025,,0,0,0,No,0,Shipper 7,Carrier 43,0,0,0,0,,FALSE,FALSE
LD076,RECEIVED,DRAYAGE,Received,11/13/2025,11/14/2025,11/17/2025,11/17/2025,11/23/2025,",",",",20,200,0,200,180,0,180,James,BROKER,200,200,200,200,Net 15,No,0,BillNotPaid,12/5/2025,12/12/2025,,0,0,0,No,0,Shipper 11,Carrier 41,0,0,0,0,9,FALSE,FALSE
LD077,INVOICED,DRAYAGE,Invoice Sent,11/13/2025,12/2/2025,12/4/2025,12/4/2025,,",",",",369.56,3094.56,595,3689.56,3320,0,3320,Mark,TEAM_LEAD,3689.56,3689.56,3689.56,0,Net 30,No,0,BillNotPaid,12/9/2025,12/16/2025,,0,0,0,No,0,Shipper 2,Carrier 6,0,0,0,0,,FALSE,FALSE
LD078,INVOICED,FTL,Invoice Sent,11/13/2025,11/14/2025,11/17/2025,11/17/2025,,",",",",477,1077,0,1077,600,0,600,Rick,BROKER,1077,1077,1077,0,Net 30,No,0,Paid,11/21/2025,12/21/2025,11/20/2025,600,600,0,No,0,Shipper 4,Carrier 44,600,600,0,0,,FALSE,FALSE
LD079,BOOKED,DRAYAGE,,11/13/2025,,,,,",",",",155,755,0,755,600,0,600,Mark,TEAM_LEAD,755,0,0,0,Net 30,No,0,,,,,0,0,0,No,0,Shipper 2,Carrier 2,0,0,0,0,,FALSE,FALSE
LD080,BOOKED,DRAYAGE,,11/13/2025,,,,,",",",",155,755,0,755,600,0,600,Mark,TEAM_LEAD,755,0,0,0,Net 30,No,0,,,,,0,0,0,No,0,Shipper 2,Carrier 2,0,0,0,0,,FALSE,FALSE
LD081,BOOKED,DRAYAGE,,11/13/2025,,,,,",",",",155,755,0,755,600,0,600,Mark,TEAM_LEAD,755,0,0,0,Net 30,No,0,,,,,0,0,0,No,0,Shipper 2,Carrier 2,0,0,0,0,,FALSE,FALSE
LD082,INVOICED,FTL,Invoice Sent,11/12/2025,11/25/2025,11/26/2025,11/26/2025,,",",",",50,1300,0,1300,1250,0,1250,Mark,TEAM_LEAD,1300,1300,1300,0,Net 30,No,0,BillNotPaid,12/5/2025,12/12/2025,,0,0,0,No,0,Shipper 2,Carrier 11,0,0,0,0,,FALSE,FALSE
LD083,COLLECTION,FTL,Invoice Sent,11/4/2025,11/6/2025,11/6/2025,11/6/2025,,",",",",112,612,0,612,500,0,500,Rick,BROKER,612,612,612,0,Net 30,Yes,3,BillNotPaid,12/5/2025,12/12/2025,,0,0,0,No,0,Shipper 16,Carrier 45,0,0,0,0,,FALSE,FALSE
LD084,INVOICED,FTL,Invoice Sent,11/12/2025,11/25/2025,11/26/2025,11/26/2025,,",",",",50,1300,0,1300,1250,0,1250,Mark,TEAM_LEAD,1300,1300,1300,0,Net 30,No,0,BillNotPaid,12/5/2025,12/12/2025,,0,0,0,No,0,Shipper 2,Carrier 11,0,0,0,0,,FALSE,FALSE
LD085,BOOKED,FTL,,11/12/2025,,,,,",",",",1050,2300,0,2300,1250,0,1250,Mark,TEAM_LEAD,2300,0,0,0,Net 30,No,0,,,,,0,0,0,No,0,Shipper 2,Carrier 11,0,0,0,0,,FALSE,FALSE
LD086,RECEIVED,DRAYAGE,Received,11/11/2025,11/12/2025,11/12/2025,11/12/2025,11/23/2025,",",",",145,220,0,220,75,0,75,James,BROKER,220,220,220,220,Net 15,No,0,BillNotPaid,11/12/2025,12/12/2025,,0,0,0,No,0,Shipper 11,Carrier 46,0,0,0,0,11,FALSE,FALSE
LD087,RECEIVED,DRAYAGE,Received,11/11/2025,11/12/2025,11/12/2025,11/12/2025,11/23/2025,",",",",-15,220,0,220,235,0,235,James,BROKER,220,220,220,220,Net 15,No,0,BillNotPaid,12/5/2025,12/12/2025,,0,0,0,No,0,Shipper 11,Carrier 33,0,0,0,0,11,FALSE,FALSE
LD088,COLLECTION,FTL,Invoice Sent,10/28/2025,10/30/2025,11/3/2025,11/3/2025,,",",",",242,1292,0,1292,1050,0,1050,Rick,BROKER,1292,1292,1292,0,Net 30,Yes,6,BillNotPaid,12/5/2025,12/12/2025,,0,0,0,No,0,Shipper 16,Carrier 47,0,0,0,0,,FALSE,FALSE
LD089,INVOICED,LTL,Invoice Sent,11/10/2025,11/11/2025,11/17/2025,11/17/2025,,",",",",165,565,0,565,400,0,400,Rick,BROKER,565,565,565,0,Net 30,No,0,BillNotPaid,12/5/2025,12/12/2025,,0,0,0,No,0,Shipper 10,Carrier 37,0,0,0,0,,FALSE,FALSE
LD090,COLLECTION,DRAYAGE,Invoice Sent,11/10/2025,11/12/2025,11/17/2025,11/17/2025,,"Newark, New Jersey 07114","Manassas, Virginia 20109",400,2100,0,2100,1700,0,1700,Ana,BROKER,2100,2100,2100,0,Net 15,Yes,7,BillNotPaid,12/5/2025,12/12/2025,,0,0,0,No,0,Shipper 3,Carrier 48,0,0,0,0,,FALSE,FALSE
LD091,INVOICED,LTL,Invoice Sent,11/10/2025,11/13/2025,11/17/2025,11/17/2025,,",",",",227,977,0,977,750,0,750,Rick,BROKER,977,977,977,0,Net 30,No,0,BillNotPaid,12/5/2025,12/12/2025,,0,0,0,No,0,Shipper 10,Carrier 49,0,0,0,0,,FALSE,FALSE
LD092,INVOICED,FTL,Invoice Sent,11/10/2025,11/11/2025,11/11/2025,11/11/2025,,",",",",70,395,0,395,325,0,325,David,BROKER,395,395,395,0,Net 30,No,0,BillNotPaid,12/5/2025,12/12/2025,,0,0,0,No,0,Shipper 15,Carrier 50,0,0,0,0,,FALSE,FALSE
LD093,INVOICED,FTL,Invoice Sent,11/10/2025,11/11/2025,11/11/2025,11/11/2025,,",",",",200,425,0,425,225,0,225,David,BROKER,425,425,425,0,Net 30,No,0,BillNotPaid,12/5/2025,12/12/2025,,0,0,0,No,0,Shipper 15,Carrier 51,0,0,0,0,,FALSE,FALSE
LD094,INVOICED,FTL,Invoice Sent,11/8/2025,11/10/2025,11/11/2025,11/11/2025,,",",",",50,1300,0,1300,1250,0,1250,Rick,BROKER,1300,1300,1300,0,Net 30,No,0,BillNotPaid,11/12/2025,12/12/2025,,0,0,0,No,0,Shipper 7,Carrier 51,0,0,0,0,,FALSE,FALSE
LD095,DELIVERED,FTL,,11/7/2025,11/12/2025,,,,",",",",-25,650,0,650,675,0,675,Mark,TEAM_LEAD,650,650,0,0,Net 30,No,0,,,,,0,0,0,No,0,Shipper 12,Carrier 52,0,0,0,0,,TRUE,FALSE
LD096,COMPLETED,DRAYAGE,Received,11/7/2025,11/7/2025,11/10/2025,11/10/2025,11/19/2025,",",",",60,220,0,220,160,0,160,James,BROKER,220,220,220,220,Net 15,No,0,Paid,11/20/2025,12/20/2025,11/19/2025,160,160,0,No,0,Shipper 11,Carrier 33,160,160,0,0,12,FALSE,FALSE
LD097,RECEIVED,DRAYAGE,Received,11/7/2025,11/7/2025,11/10/2025,11/10/2025,11/19/2025,",",",",120,120,0,120,0,0,0,James,BROKER,120,120,120,120,Net 15,No,0,,,,,0,0,0,No,0,Shipper 11,Carrier 53,0,0,0,0,12,FALSE,FALSE
LD098,INVOICED,FTL,Invoice Sent,11/7/2025,11/11/2025,11/11/2025,11/11/2025,,",",",",200,1050,0,1050,850,0,850,Mark,TEAM_LEAD,1050,1050,1050,0,Net 30,No,0,Paid,11/11/2025,12/11/2025,11/12/2025,828.75,850,0,No,0,Shipper 12,Carrier 51,828.75,850,-21.25,-0.025641026,,FALSE,FALSE
LD099,COLLECTION,DRAYAGE,Invoice Sent,11/7/2025,11/10/2025,11/11/2025,12/9/2025,,",",",",60,220,0,220,160,0,160,James,BROKER,220,220,220,0,Net 15,Yes,13,BillNotPaid,12/5/2025,12/12/2025,,0,0,0,No,0,Shipper 11,Carrier 54,0,0,0,0,,FALSE,FALSE
LD100,INVOICED,LTL,Invoice Sent,11/6/2025,11/10/2025,11/11/2025,11/11/2025,,",",",",350,2700,0,2700,2350,0,2350,Rick,BROKER,2700,2700,2700,0,Net 30,No,0,BillNotPaid,12/5/2025,12/12/2025,,0,0,0,No,0,Shipper 4,Carrier 55,0,0,0,0,,FALSE,FALSE
LD101,COLLECTION,DRAYAGE,Invoice Sent,11/6/2025,11/6/2025,11/10/2025,12/9/2025,,",",",",50,350,0,350,300,0,300,James,BROKER,350,350,350,0,Net 15,Yes,14,BillNotPaid,12/5/2025,12/12/2025,,0,0,0,No,0,Shipper 11,Carrier 56,0,0,0,0,,FALSE,FALSE
LD102,INVOICED,FTL,Invoice Sent,11/6/2025,11/7/2025,11/11/2025,11/11/2025,,",",",",75,1075,0,1075,1000,0,1000,Rick,BROKER,1075,1075,1075,0,Net 30,No,0,BillNotPaid,12/5/2025,12/12/2025,,0,0,0,No,0,Shipper 7,Carrier 57,0,0,0,0,,FALSE,FALSE
LD103,INVOICED,DRAYAGE,Invoice Sent,11/6/2025,12/2/2025,12/2/2025,12/2/2025,,",",",",140,975,180,1155,1015,0,1015,David,BROKER,1155,1155,1155,0,Net 30,No,0,BillNotPaid,12/5/2025,12/12/2025,,0,0,0,No,0,Shipper 5,Carrier 51,0,0,0,0,,FALSE,FALSE
LD104,INVOICED,FTL,Invoice Sent,11/6/2025,11/7/2025,11/11/2025,11/11/2025,,",",",",50,1150,0,1150,1100,0,1100,Rick,BROKER,1150,1150,1150,0,Net 30,No,0,BillNotPaid,12/5/2025,12/12/2025,,0,0,0,No,0,Shipper 7,Carrier 51,0,0,0,0,,FALSE,FALSE
LD105,INVOICED,DRAYAGE,Invoice Sent,11/6/2025,11/19/2025,11/20/2025,11/20/2025,,",",",",272.96,1492,240,1732,1459.04,0,1459.04,Mark,TEAM_LEAD,1732,1732,1732,0,Net 30,No,0,BillNotPaid,11/20/2025,12/20/2025,,0,0,0,No,0,Shipper 2,Carrier 51,0,0,0,0,,FALSE,FALSE
LD106,RECEIVED,DRAYAGE,Received,11/6/2025,11/10/2025,11/10/2025,11/10/2025,11/19/2025,",",",",60,220,0,220,160,0,160,James,BROKER,220,220,220,220,Net 15,No,0,BillNotPaid,12/5/2025,12/12/2025,,0,0,0,No,0,Shipper 11,Carrier 31,0,0,0,0,9,FALSE,FALSE
LD107,RECEIVED,DRAYAGE,Received,11/6/2025,11/7/2025,11/10/2025,11/10/2025,11/19/2025,",",",",50,200,0,200,150,0,150,James,BROKER,200,200,200,200,Net 15,No,0,BillNotPaid,12/5/2025,12/12/2025,,0,0,0,No,0,Shipper 11,Carrier 48,0,0,0,0,12,FALSE,FALSE
LD108,RECEIVED,FTL,Received,11/5/2025,11/5/2025,11/10/2025,11/10/2025,11/23/2025,",",",",70,220,0,220,150,0,150,James,BROKER,220,220,220,220,Net 15,No,0,BillNotPaid,12/5/2025,12/12/2025,,0,0,0,No,0,Shipper 11,Carrier 58,0,0,0,0,18,FALSE,FALSE
LD109,INVOICED,DRAYAGE,Invoice Sent,11/5/2025,11/18/2025,11/20/2025,11/20/2025,,",",",",205,1550,420,1970,1765,0,1765,Mark,TEAM_LEAD,1970,1970,1970,0,Net 30,No,0,BillNotPaid,11/20/2025,12/20/2025,,0,0,0,No,0,Shipper 2,Carrier 59,0,0,0,0,,FALSE,FALSE
LD110,COLLECTION,DRAYAGE,Invoice Sent,11/5/2025,11/12/2025,11/17/2025,11/17/2025,,"Newark, New Jersey 07114","Manassas, Virginia 20109",400,2100,0,2100,1700,0,1700,Ana,BROKER,2100,2100,2100,0,Net 15,Yes,7,BillNotPaid,12/5/2025,12/12/2025,,0,0,0,No,0,Shipper 3,Carrier 16,0,0,0,0,,FALSE,FALSE
LD111,INVOICED,FTL,Invoice Sent,11/5/2025,11/11/2025,11/11/2025,11/11/2025,,",",",",170,745,0,745,575,0,575,Rick,BROKER,745,745,745,0,Net 30,No,0,BillNotPaid,12/5/2025,12/12/2025,,0,0,0,No,0,Shipper 7,Carrier 60,0,0,0,0,,FALSE,FALSE
LD112,INVOICED,FTL,Invoice Sent,11/5/2025,11/7/2025,11/11/2025,11/11/2025,,",",",",230,1430,0,1430,1200,0,1200,Mark,TEAM_LEAD,1430,1430,1430,0,Net 30,No,0,BillNotPaid,12/5/2025,12/12/2025,,0,0,0,No,0,Shipper 12,Carrier 61,0,0,0,0,,FALSE,FALSE
LD113,INVOICED,DRAYAGE,Invoice Sent,11/5/2025,11/25/2025,12/2/2025,12/2/2025,,",",",",175,1375,130,1505,1330,0,1330,David,BROKER,1505,1505,1505,0,Net 30,No,0,BillNotPaid,12/5/2025,12/12/2025,,0,0,0,No,0,Shipper 5,Carrier 41,0,0,0,0,,FALSE,FALSE
LD114,INVOICED,FTL,Invoice Sent,11/5/2025,11/8/2025,11/11/2025,11/11/2025,,",",",",100,2200,0,2200,2100,0,2100,Rick,BROKER,2200,2200,2200,0,Net 30,No,0,BillNotPaid,12/5/2025,12/12/2025,,0,0,0,No,0,Shipper 7,Carrier 51,0,0,0,0,,FALSE,FALSE
LD115,COLLECTION,FTL,Invoice Sent,11/4/2025,11/5/2025,11/10/2025,11/13/2025,,",",",",70,250,0,250,180,0,180,James,BROKER,250,250,250,0,Net 15,Yes,14,Paid,11/21/2025,12/21/2025,11/20/2025,180,180,0,No,0,Shipper 11,Carrier 41,180,180,0,0,,FALSE,FALSE
LD116,RECEIVED,FTL,Received,11/4/2025,11/7/2025,11/10/2025,11/10/2025,11/19/2025,",",",",70,250,0,250,180,0,180,James,BROKER,250,250,250,250,Net 15,No,0,BillNotPaid,12/5/2025,12/12/2025,,0,0,0,No,0,Shipper 11,Carrier 51,0,0,0,0,12,FALSE,FALSE
LD117,COMPLETED,DRAYAGE,Received,11/4/2025,11/5/2025,11/10/2025,11/10/2025,11/13/2025,",",",",100,250,0,250,150,0,150,James,BROKER,250,250,250,250,Net 15,No,0,Paid,11/21/2025,12/21/2025,11/20/2025,150,150,0,No,0,Shipper 11,Carrier 16,150,150,0,0,8,FALSE,FALSE
LD118,RECEIVED,DRAYAGE,Received,11/4/2025,11/6/2025,11/10/2025,11/10/2025,12/4/2025,",",",",40,220,0,220,180,0,180,James,BROKER,220,220,220,220,Net 15,No,0,BillNotPaid,12/5/2025,12/12/2025,,0,0,0,No,0,Shipper 11,Carrier 62,0,0,0,0,28,FALSE,FALSE
LD119,COMPLETED,DRAYAGE,Received,11/4/2025,11/5/2025,11/10/2025,11/10/2025,11/23/2025,",",",",50,350,0,350,300,0,300,James,BROKER,350,350,350,350,Net 15,No,0,Paid,11/21/2025,12/21/2025,11/20/2025,300,300,0,No,0,Shipper 11,Carrier 63,300,300,0,0,18,FALSE,FALSE
LD120,INVOICED,DRAYAGE,Invoice Sent,11/4/2025,12/4/2025,12/4/2025,12/4/2025,,",",",",400,1350,130,1480,1080,0,1080,David,BROKER,1480,1480,1480,0,Net 30,No,0,BillNotPaid,12/5/2025,12/12/2025,,0,0,0,No,0,Shipper 5,Carrier 7,0,0,0,0,,FALSE,FALSE
LD121,RECEIVED,FTL,Received,11/4/2025,11/6/2025,11/7/2025,11/7/2025,12/4/2025,",",",",100,1800,0,1800,1700,0,1700,Rick,BROKER,1800,1800,1800,1800,Net 30,No,0,BillNotPaid,11/11/2025,12/11/2025,,0,0,0,No,0,Shipper 7,Carrier 7,0,0,0,0,28,FALSE,FALSE
LD122,INVOICED,DRAYAGE,Invoice Sent,11/4/2025,11/14/2025,11/17/2025,11/17/2025,,",",",",305,1749,125,1874,1569,0,1569,Mark,TEAM_LEAD,1874,1874,1874,0,Net 30,No,0,BillNotPaid,12/5/2025,12/12/2025,,0,0,0,No,0,Shipper 2,Carrier 37,0,0,0,0,,FALSE,FALSE
LD123,RECEIVED,DRAYAGE,Received,11/4/2025,11/4/2025,11/6/2025,11/6/2025,11/6/2025,"Oakland, California 94607","Elk Grove, California 95624-1400",335,1190,0,1190,855,0,855,Ana,BROKER,1190,1190,1190,1190,Net 7,No,0,BillNotPaid,12/5/2025,12/12/2025,,0,0,0,No,0,Shipper 17,Carrier 58,0,0,0,0,2,FALSE,FALSE
LD124,COMPLETED,DRAYAGE,Received,10/9/2025,10/9/2025,10/13/2025,10/13/2025,10/16/2025,"Oakland, California 94607","Elk Grove, California 95624-1400",298.75,1180,0,1180,881.25,0,881.25,Ana,BROKER,1180,1180,1180,1180,Net 7,No,0,Paid,10/13/2025,10/13/2025,11/25/2025,881.25,881.25,0,No,0,Shipper 17,Carrier 64,881.25,881.25,0,0,7,FALSE,FALSE
LD125,COLLECTION,FTL,Invoice Sent,11/3/2025,11/5/2025,11/5/2025,11/5/2025,,",",",",165,565,0,565,400,0,400,Rick,BROKER,565,565,565,0,Net 30,Yes,4,BillNotPaid,11/10/2025,12/10/2025,,0,0,0,No,0,Shipper 10,Carrier 6,0,0,0,0,,FALSE,FALSE
LD126,RECEIVED,FTL,Received,11/3/2025,,11/6/2025,11/6/2025,12/4/2025,",",",",75,200,0,200,125,0,125,Rick,BROKER,200,0,200,200,Net 30,No,0,BillNotPaid,12/5/2025,12/12/2025,,0,0,0,No,0,Shipper 7,Carrier 6,0,0,0,0,,FALSE,FALSE
LD127,COLLECTION,DRAYAGE,Invoice Sent,10/30/2025,11/6/2025,11/10/2025,11/10/2025,,"Baltimore, Maryland 21224","Manassas, Virginia 20109",230,950,0,950,720,0,720,Ana,BROKER,950,950,950,0,Net 15,Yes,14,Paid,11/14/2025,12/14/2025,11/14/2025,694.8,720,0,No,0,Shipper 3,Carrier 64,694.8,720,-25.2,-0.03626943,,FALSE,FALSE
LD128,COLLECTION,DRAYAGE,Invoice Sent,10/30/2025,11/4/2025,11/6/2025,11/6/2025,,",",",",409.56,3094.56,797.5,3892.06,3482.5,0,3482.5,Mark,TEAM_LEAD,3892.06,3892.06,3892.06,0,Net 30,Yes,3,BillNotPaid,12/5/2025,12/12/2025,,0,0,0,No,0,Shipper 2,Carrier 29,0,0,0,0,,FALSE,FALSE
LD129,INVOICED,DRAYAGE,Invoice Sent,10/30/2025,11/6/2025,11/10/2025,11/10/2025,,",",",",409.56,3094.56,395,3489.56,3080,0,3080,Mark,TEAM_LEAD,3489.56,3489.56,3489.56,0,Net 30,No,0,BillNotPaid,12/5/2025,12/12/2025,,0,0,0,No,0,Shipper 2,Carrier 11,0,0,0,0,,FALSE,FALSE
LD130,COLLECTION,DRAYAGE,Invoice Sent,10/30/2025,11/6/2025,11/10/2025,11/10/2025,,"Baltimore, Maryland 21224","Manassas, Virginia 20109",230,950,0,950,720,0,720,Ana,BROKER,950,950,950,0,Net 15,Yes,14,Paid,11/14/2025,12/14/2025,11/14/2025,694.8,720,0,No,0,Shipper 3,Carrier 7,694.8,720,-25.2,-0.03626943,,FALSE,FALSE
LD131,INVOICED,DRAYAGE,Invoice Sent,10/29/2025,11/26/2025,12/2/2025,12/2/2025,,",",",",291,660,270,930,639,0,639,David,BROKER,930,930,930,0,Net 15,No,0,BillNotPaid,12/5/2025,12/12/2025,,0,0,0,No,0,Shipper 1,Carrier 7,0,0,0,0,,FALSE,FALSE
LD132,INVOICED,FTL,Invoice Sent,10/29/2025,11/20/2025,11/21/2025,11/21/2025,,",",",",400,1650,0,1650,1250,0,1250,Mark,TEAM_LEAD,1650,1650,1650,0,Net 30,No,0,BillNotPaid,12/5/2025,12/12/2025,,0,0,0,No,0,Shipper 2,Carrier 28,0,0,0,0,,FALSE,FALSE
LD133,COMPLETED,DRAYAGE,Received,9/11/2025,9/8/2025,9/11/2025,9/11/2025,9/15/2025,"Oakland, California 94607","Elk Grove, California 95624-1400",413.25,1362,0,1362,948.75,0,948.75,Ana,BROKER,1362,1362,1362,1362,Net 7,No,0,Paid,9/11/2025,9/11/2025,11/25/2025,948.75,948.75,0,No,0,Shipper 17,Carrier 2,948.75,948.75,0,0,7,FALSE,FALSE
LD134,COMPLETED,DRAYAGE,Received,9/5/2025,9/4/2025,9/12/2025,9/12/2025,9/15/2025,"Oakland, California 94607","Elk Grove, California 95624-1400",220,1150,0,1150,930,0,930,Ana,BROKER,1150,1150,1150,1150,Net 7,No,0,Paid,9/12/2025,9/12/2025,11/25/2025,930,930,0,No,0,Shipper 17,Carrier 18,930,930,0,0,11,FALSE,FALSE
LD135,COLLECTION,DRAYAGE,Invoice Sent,10/28/2025,10/29/2025,11/3/2025,11/3/2025,,",",",",123.39,436.48,215,651.48,528.09,0,528.09,Mark,TEAM_LEAD,651.48,651.48,651.48,0,Net 30,Yes,6,BillNotPaid,12/5/2025,12/12/2025,,0,0,0,No,0,Shipper 2,Carrier 18,0,0,0,0,,FALSE,FALSE
LD136,COLLECTION,DRAYAGE,Invoice Sent,10/27/2025,10/29/2025,11/4/2025,11/4/2025,,",",",",95,490,300,790,695,0,695,Mark,TEAM_LEAD,790,790,790,0,Net 30,Yes,5,BillNotPaid,12/5/2025,12/12/2025,,0,0,0,No,0,Shipper 2,Carrier 34,0,0,0,0,,FALSE,FALSE
LD137,COLLECTION,DRAYAGE,Invoice Sent,10/24/2025,10/28/2025,10/29/2025,10/29/2025,,",",",",155,2100,410,2510,2355,0,2355,Mark,TEAM_LEAD,2510,2510,2510,0,Net 30,Yes,11,Paid,10/29/2025,11/28/2025,10/30/2025,2296.12,2355,0,No,0,Shipper 2,Carrier 2,2296.12,2355,-58.88,-0.025643259,,FALSE,FALSE
LD138,COLLECTION,DRAYAGE,Invoice Sent,10/24/2025,10/29/2025,10/31/2025,10/31/2025,,",",",",235,2100,715,2815,2580,0,2580,Mark,TEAM_LEAD,2815,2815,2815,0,Net 30,Yes,9,Paid,10/30/2025,11/29/2025,10/31/2025,2515.5,2580,0,No,0,Shipper 2,Carrier 18,2515.5,2580,-64.5,-0.025641026,,FALSE,FALSE
LD139,RECEIVED,DRAYAGE,Received,10/24/2025,10/28/2025,10/28/2025,10/28/2025,11/20/2025,",",",",170,1070,0,1070,900,0,900,David,BROKER,1070,1070,1070,1070,Net 30,No,0,BillNotPaid,12/5/2025,12/12/2025,,0,0,0,No,0,Shipper 5,Carrier 3,0,0,0,0,23,FALSE,FALSE
LD140,COLLECTION,DRAYAGE,Invoice Sent,10/24/2025,10/27/2025,11/4/2025,11/4/2025,,",",",",135,490,200,690,555,0,555,Mark,TEAM_LEAD,690,690,690,0,Net 30,Yes,5,BillNotPaid,12/5/2025,12/12/2025,,0,0,0,No,0,Shipper 2,Carrier 65,0,0,0,0,,FALSE,FALSE
LD141,INVOICED,DRAYAGE,Invoice Sent,10/24/2025,11/18/2025,11/19/2025,11/19/2025,,",",",",175,2100,430,2530,2355,0,2355,Mark,TEAM_LEAD,2530,2530,2530,0,Net 30,No,0,Paid,11/19/2025,12/19/2025,11/19/2025,2296.13,2355,0,No,0,Shipper 2,Carrier 1,2296.13,2355,-58.87,-0.025638792,,FALSE,FALSE
LD142,COLLECTION,DRAYAGE,Invoice Sent,10/23/2025,11/11/2025,11/12/2025,11/12/2025,,"Newark, New Jersey 07114","Manassas, Virginia 20109",400,2000,0,2000,1600,0,1600,Ana,BROKER,2000,2000,2000,0,Net 15,Yes,12,Paid,11/12/2025,12/12/2025,11/30/2025,1600,1600,0,No,0,Shipper 3,Carrier 15,1600,1600,0,0,,FALSE,FALSE
LD143,COMPLETED,FTL,Received,10/23/2025,10/23/2025,10/23/2025,10/23/2025,11/10/2025,",",",",50,500,0,500,450,0,450,Mark,TEAM_LEAD,500,500,500,500,Net 30,No,0,Paid,10/23/2025,10/23/2025,10/23/2025,434.25,450,0,No,0,Shipper 9,Carrier 66,434.25,450,-15.75,-0.03626943,18,FALSE,FALSE
LD144,INVOICED,DRAYAGE,Invoice Sent,10/23/2025,11/19/2025,12/2/2025,12/2/2025,,",",",",195,850,45,895,700,0,700,David,BROKER,895,895,895,0,Net 15,No,0,BillNotPaid,12/5/2025,12/12/2025,,0,0,0,No,0,Shipper 1,Carrier 3,0,0,0,0,,FALSE,FALSE
LD145,COLLECTION,LTL,Invoice Sent,10/22/2025,10/29/2025,11/5/2025,11/5/2025,,",",",",105,657.69,0,657.69,552.69,0,552.69,Mark,TEAM_LEAD,657.69,657.69,657.69,0,Net 30,Yes,19,BillNotPaid,12/5/2025,12/12/2025,,0,0,0,No,0,Shipper 12,Carrier 67,0,0,0,0,,FALSE,FALSE
LD146,RECEIVED,DRAYAGE,Received,10/22/2025,10/23/2025,10/24/2025,10/24/2025,11/20/2025,",",",",235,1025,80,1105,870,0,870,David,BROKER,1105,1105,1105,1105,Net 30,No,0,BillNotPaid,10/24/2025,10/24/2025,,0,0,0,Yes,46,Shipper 5,Carrier 31,0,0,0,0,28,FALSE,FALSE
LD147,COLLECTION,DRAYAGE,Invoice Sent,10/22/2025,11/11/2025,11/12/2025,11/12/2025,,"Newark, New Jersey 07114","Manassas, Virginia 20109",400,2000,0,2000,1600,0,1600,Ana,BROKER,2000,2000,2000,0,Net 15,Yes,12,Paid,11/12/2025,12/12/2025,11/25/2025,1600,1600,0,No,0,Shipper 3,Carrier 68,1600,1600,0,0,,FALSE,FALSE
LD148,COLLECTION,FTL,Invoice Sent,10/21/2025,10/23/2025,10/24/2025,10/24/2025,,",",",",725,3725,0,3725,3000,0,3000,Rick,BROKER,3725,3725,3725,0,Net 30,Yes,16,BillNotPaid,10/24/2025,10/24/2025,,0,0,0,Yes,46,Shipper 4,Carrier 21,0,0,0,0,,FALSE,FALSE
LD149,INVOICED,DRAYAGE,Invoice Sent,11/6/2025,11/11/2025,11/11/2025,11/11/2025,,",",",",250,1250,0,1250,1000,0,1000,Ana,BROKER,1250,1250,1250,0,Net 30,No,0,BillNotPaid,12/5/2025,12/12/2025,,0,0,0,No,0,Shipper 18,Carrier 31,0,0,0,0,,FALSE,FALSE
LD150,COLLECTION,DRAYAGE,Invoice Sent,10/21/2025,11/4/2025,11/5/2025,11/5/2025,,",",",",39.75,1550,652.5,2202.5,2162.75,0,2162.75,Mark,TEAM_LEAD,2202.5,2202.5,2202.5,0,Net 30,Yes,4,BillNotPaid,11/5/2025,12/5/2025,,0,0,0,Yes,4,Shipper 2,Carrier 31,0,0,0,0,,FALSE,FALSE
LD151,BOOKED,DRAYAGE,,11/17/2025,,,,,",",",",400,3000,0,3000,2600,0,2600,David,BROKER,3000,0,0,0,Net 7,No,0,,,,,0,0,0,No,0,Shipper 19,Carrier 16,0,0,0,0,,FALSE,FALSE
LD152,RECEIVED,FTL,Received,10/16/2025,10/16/2025,10/21/2025,10/21/2025,10/22/2025,",",",",70,320,0,320,250,0,250,Mark,TEAM_LEAD,320,320,320,320,Net 30,No,0,BillNotPaid,10/21/2025,10/21/2025,,0,0,0,Yes,49,Shipper 9,Carrier 11,0,0,0,0,6,FALSE,FALSE
LD153,COLLECTION,DRAYAGE,Invoice Sent,10/16/2025,10/23/2025,10/31/2025,10/31/2025,,",",",",146.33,1550,1448.33,2998.33,2852,0,2852,Mark,TEAM_LEAD,2998.33,2998.33,2998.33,0,Net 30,Yes,9,BillNotPaid,10/31/2025,11/30/2025,,0,0,0,Yes,9,Shipper 2,Carrier 69,0,0,0,0,,FALSE,FALSE
LD154,COLLECTION,DRAYAGE,Invoice Sent,10/16/2025,10/23/2025,10/30/2025,10/30/2025,,",",",",-295,1550,465,2015,2310,0,2310,Mark,TEAM_LEAD,2015,2015,2015,0,Net 30,Yes,10,BillNotPaid,12/5/2025,12/12/2025,,0,0,0,No,0,Shipper 2,Carrier 70,0,0,0,0,,FALSE,FALSE
LD155,BOOKED,DRAYAGE,,11/12/2025,,,,,",",",",400,1150,0,1150,750,0,750,David,BROKER,1150,0,0,0,Net 7,No,0,,,,,0,0,0,No,0,Shipper 19,Carrier 71,0,0,0,0,,FALSE,FALSE
LD156,COMPLETED,DRAYAGE,Received,10/16/2025,10/17/2025,10/21/2025,10/21/2025,12/4/2025,",",",",400,1750,0,1750,1350,0,1350,Mark,TEAM_LEAD,1750,1750,1750,1750,Net 30,No,0,Paid,10/21/2025,10/21/2025,11/30/2025,1350,1350,0,No,0,Shipper 2,Carrier 29,1350,1350,0,0,48,FALSE,FALSE
LD157,RECEIVED,FTL,Received,10/15/2025,10/18/2025,10/22/2025,10/22/2025,11/12/2025,",",",",375,5375,0,5375,5000,0,5000,David,BROKER,5375,5375,5375,5375,Net 30,No,0,BillNotPaid,10/22/2025,10/22/2025,,0,0,0,Yes,48,Shipper 15,Carrier 31,0,0,0,0,25,FALSE,FALSE
LD158,RECEIVED,DRAYAGE,Received,10/14/2025,10/14/2025,10/17/2025,10/17/2025,12/3/2025,",",",",165,615,0,615,450,0,450,Rick,BROKER,615,615,615,615,Net 30,No,0,BillNotPaid,10/17/2025,10/17/2025,,0,0,0,Yes,53,Shipper 13,Carrier 15,0,0,0,0,50,FALSE,FALSE
LD159,TONU,FTL,Invoice Sent,10/14/2025,,10/15/2025,10/15/2025,,",",",",50,250,0,250,200,0,200,Rick,BROKER,250,0,250,0,Net 30,Yes,25,Paid,10/15/2025,10/15/2025,11/23/2025,200,200,0,No,0,Shipper 4,Carrier 2,200,200,0,0,,FALSE,FALSE
LD160,RECEIVED,DRAYAGE,Received,10/14/2025,10/23/2025,10/23/2025,10/23/2025,11/19/2025,",",",",291,660,270,930,639,0,639,David,BROKER,930,930,930,930,Net 15,No,0,BillNotPaid,10/23/2025,10/23/2025,,0,0,0,Yes,47,Shipper 1,Carrier 64,0,0,0,0,27,FALSE,FALSE
LD161,BOOKED,DRAYAGE,,10/16/2025,,,,,",",",",400,3000,0,3000,2600,0,2600,David,BROKER,3000,0,0,0,Net 7,No,0,,,,,0,0,0,No,0,Shipper 19,Carrier 70,0,0,0,0,,FALSE,FALSE
LD162,COLLECTION,LTL,Invoice Sent,10/14/2025,10/21/2025,11/3/2025,11/3/2025,,",",",",120,2093.86,0,2093.86,1973.86,0,1973.86,Mark,TEAM_LEAD,2093.86,2093.86,2093.86,0,Net 30,Yes,21,Paid,12/1/2025,12/31/2025,11/24/2025,1973.86,1973.86,0,No,0,Shipper 12,Carrier 6,1973.86,1973.86,0,0,,FALSE,FALSE
LD163,RECEIVED,DRAYAGE,Received,10/14/2025,10/15/2025,10/16/2025,10/16/2025,11/30/2025,",",",",360,600,250,850,490,0,490,Mark,TEAM_LEAD,850,850,850,850,Net 30,No,0,BillNotPaid,10/21/2025,10/21/2025,,0,0,0,Yes,49,Shipper 2,Carrier 6,0,0,0,0,46,FALSE,FALSE
LD164,COMPLETED,DRAYAGE,Received,10/13/2025,10/14/2025,10/24/2025,10/24/2025,11/17/2025,"Baltimore, Maryland 21224","Manassas, Virginia 20109",230,950,0,950,720,0,720,Ana,BROKER,950,950,950,950,Net 15,No,0,Paid,10/24/2025,10/24/2025,10/24/2025,694.8,720,0,No,0,Shipper 3,Carrier 37,694.8,720,-25.2,-0.03626943,34,FALSE,FALSE
LD165,RECEIVED,DRAYAGE,Received,10/13/2025,10/17/2025,10/17/2025,10/17/2025,12/3/2025,",",",",165,615,0,615,450,0,450,Rick,BROKER,615,615,615,615,Net 30,No,0,BillNotPaid,10/17/2025,10/17/2025,,0,0,0,Yes,53,Shipper 13,Carrier 3,0,0,0,0,47,FALSE,FALSE
LD166,COMPLETED,DRAYAGE,Received,10/13/2025,10/21/2025,10/23/2025,10/23/2025,12/4/2025,",",",",-145.44,3094.56,0,3094.56,3240,0,3240,Mark,TEAM_LEAD,3094.56,3094.56,3689.56,3689.56,Net 30,No,0,Paid,11/3/2025,12/3/2025,12/7/2025,3240,3240,0,No,0,Shipper 2,Carrier 3,3240,3240,0,0,44,FALSE,FALSE
LD167,COMPLETED,DRAYAGE,Received,10/13/2025,10/21/2025,10/23/2025,10/23/2025,12/4/2025,",",",",-265.44,3094.56,0,3094.56,3360,0,3360,Mark,TEAM_LEAD,3094.56,3094.56,3689.56,3689.56,Net 30,No,0,Paid,11/3/2025,12/3/2025,12/7/2025,3360,3360,0,No,0,Shipper 2,Carrier 24,3360,3360,0,0,44,FALSE,FALSE
LD168,RECEIVED,FTL,Received,10/13/2025,10/14/2025,10/17/2025,10/17/2025,11/23/2025,",",",",165,565,0,565,400,0,400,Rick,BROKER,565,565,565,565,Net 30,No,0,BillNotPaid,10/17/2025,10/17/2025,,0,0,0,Yes,53,Shipper 10,Carrier 64,0,0,0,0,40,FALSE,FALSE
LD169,COMPLETED,DRAYAGE,Received,10/13/2025,10/23/2025,10/23/2025,10/23/2025,11/20/2025,",",",",187.5,975,225,1200,1012.5,0,1012.5,David,BROKER,1200,1200,1200,1200,Net 30,No,0,Paid,10/23/2025,10/23/2025,11/30/2025,1012.5,1012.5,0,No,0,Shipper 5,Carrier 64,1012.5,1012.5,0,0,28,FALSE,FALSE
LD170,RECEIVED,DRAYAGE,Received,10/13/2025,11/6/2025,11/17/2025,11/17/2025,12/2/2025,",",",",125,1375,0,1375,1250,0,1250,David,BROKER,1375,1375,1375,1375,Net 15,No,0,BillNotPaid,11/17/2025,12/17/2025,,0,0,0,No,0,Shipper 1,Carrier 64,0,0,0,0,26,FALSE,FALSE
LD171,RECEIVED,LTL,Received,10/13/2025,10/15/2025,10/15/2025,10/15/2025,11/23/2025,",",",",50,450,0,450,400,0,400,Rick,BROKER,450,450,450,450,Net 30,No,0,BillNotPaid,10/15/2025,10/15/2025,,0,0,0,Yes,55,Shipper 10,Carrier 64,0,0,0,0,39,FALSE,FALSE
LD172,COMPLETED,DRAYAGE,Received,10/13/2025,10/16/2025,10/23/2025,10/23/2025,11/17/2025,"Baltimore, Maryland 21224","Manassas, Virginia 20109",230,950,0,950,720,0,720,Ana,BROKER,950,950,950,950,Net 15,No,0,Paid,10/23/2025,10/23/2025,10/23/2025,694.8,720,0,No,0,Shipper 3,Carrier 70,694.8,720,-25.2,-0.03626943,32,FALSE,FALSE
LD173,COMPLETED,DRAYAGE,Received,10/13/2025,10/16/2025,10/23/2025,10/23/2025,11/17/2025,"Baltimore, Maryland 21224","Manassas, Virginia 20109",230,950,0,950,720,0,720,Ana,BROKER,950,950,950,950,Net 15,No,0,Paid,10/23/2025,10/23/2025,10/23/2025,694.8,720,0,No,0,Shipper 3,Carrier 72,694.8,720,-25.2,-0.03626943,32,FALSE,FALSE
LD174,COMPLETED,DRAYAGE,Received,10/13/2025,10/17/2025,10/23/2025,10/23/2025,11/17/2025,"Baltimore, Maryland 21224","Manassas, Virginia 20109",230,950,0,950,720,0,720,Ana,BROKER,950,950,950,950,Net 15,No,0,Paid,10/23/2025,10/23/2025,10/24/2025,694.8,720,0,No,0,Shipper 3,Carrier 6,694.8,720,-25.2,-0.03626943,31,FALSE,FALSE
LD175,COMPLETED,DRAYAGE,Received,10/13/2025,10/17/2025,10/23/2025,10/23/2025,11/17/2025,"Baltimore, Maryland 21224","Manassas, Virginia 20109",230,950,0,950,720,0,720,Ana,BROKER,950,950,950,950,Net 15,No,0,Paid,10/23/2025,10/23/2025,10/24/2025,694.8,720,0,No,0,Shipper 3,Carrier 6,694.8,720,-25.2,-0.03626943,31,FALSE,FALSE
LD176,RECEIVED,DRAYAGE,Received,10/10/2025,10/17/2025,10/17/2025,10/17/2025,12/3/2025,",",",",165,615,0,615,450,0,450,Rick,BROKER,615,615,615,615,Net 30,No,0,BillNotPaid,10/17/2025,10/17/2025,,0,0,0,Yes,53,Shipper 13,Carrier 73,0,0,0,0,47,FALSE,FALSE
LD177,RECEIVED,FTL,Received,10/10/2025,10/11/2025,10/13/2025,10/13/2025,11/14/2025,",",",",272,2272,0,2272,2000,0,2000,Rick,BROKER,2272,2272,2272,2272,Net 30,No,0,BillNotPaid,10/13/2025,10/13/2025,,0,0,0,Yes,57,Shipper 7,Carrier 74,0,0,0,0,34,FALSE,FALSE
LD178,COLLECTION,DRAYAGE,Invoice Sent,10/10/2025,10/31/2025,11/4/2025,11/4/2025,,",",",",374.56,3094.56,595,3689.56,3315,0,3315,Mark,TEAM_LEAD,3689.56,3689.56,3689.56,0,Net 30,Yes,5,Paid,12/5/2025,1/4/2026,12/7/2025,3315,3315,0,No,0,Shipper 2,Carrier 2,3315,3315,0,0,,FALSE,FALSE
LD179,COLLECTION,DRAYAGE,Invoice Sent,10/10/2025,10/31/2025,11/4/2025,11/4/2025,,",",",",389.56,3094.56,295,3389.56,3000,0,3000,Mark,TEAM_LEAD,3389.56,3389.56,3389.56,0,Net 30,Yes,5,Paid,12/5/2025,1/4/2026,12/7/2025,3000,3000,0,No,0,Shipper 2,Carrier 66,3000,3000,0,0,,FALSE,FALSE
LD180,COMPLETED,FTL,Received,10/10/2025,10/13/2025,10/13/2025,10/13/2025,11/12/2025,",",",",250,4750,0,4750,4500,0,4500,David,BROKER,4750,4750,4750,4750,Net 30,No,0,Paid,10/13/2025,10/13/2025,11/25/2025,4500,4500,0,No,0,Shipper 15,Carrier 70,4500,4500,0,0,30,FALSE,FALSE
LD181,RECEIVED,FTL,Received,10/10/2025,10/13/2025,10/13/2025,10/13/2025,11/12/2025,",",",",250,4750,0,4750,4500,0,4500,David,BROKER,4750,4750,4750,4750,Net 30,No,0,BillNotPaid,10/13/2025,10/13/2025,,0,0,0,Yes,57,Shipper 15,Carrier 70,0,0,0,0,30,FALSE,FALSE
LD182,COLLECTION,DRAYAGE,Invoice Sent,10/9/2025,10/20/2025,10/28/2025,10/28/2025,,",",",",150,490,485,975,825,0,825,Mark,TEAM_LEAD,975,975,975,0,Net 30,Yes,12,BillNotPaid,12/5/2025,1/4/2026,,0,0,0,No,0,Shipper 2,Carrier 70,0,0,0,0,,FALSE,FALSE
LD183,DELIVERED,DRAYAGE,,10/14/2025,10/23/2025,,,,",",",",400,1150,0,1150,750,0,750,David,BROKER,1150,1150,0,0,Net 7,No,0,,,,,0,0,0,No,0,Shipper 19,Carrier 70,0,0,0,0,,TRUE,FALSE
LD184,RECEIVED,DRAYAGE,Received,10/9/2025,10/15/2025,10/15/2025,10/15/2025,12/3/2025,",",",",185,615,100,715,530,0,530,Rick,BROKER,715,715,715,715,Net 30,No,0,BillNotPaid,10/15/2025,10/15/2025,,0,0,0,Yes,55,Shipper 13,Carrier 5,0,0,0,0,49,FALSE,FALSE
LD185,RECEIVED,DRAYAGE,Received,10/9/2025,10/15/2025,10/15/2025,10/15/2025,12/3/2025,",",",",165,615,0,615,450,0,450,Rick,BROKER,615,615,615,615,Net 30,No,0,BillNotPaid,10/15/2025,10/15/2025,,0,0,0,Yes,55,Shipper 13,Carrier 75,0,0,0,0,49,FALSE,FALSE
LD186,RECEIVED,DRAYAGE,Received,10/9/2025,10/15/2025,10/15/2025,10/15/2025,12/3/2025,",",",",117,615,0,615,498,0,498,Rick,BROKER,615,615,615,615,Net 30,No,0,BillNotPaid,10/15/2025,10/15/2025,,0,0,0,Yes,55,Shipper 13,Carrier 18,0,0,0,0,49,FALSE,FALSE
LD187,RECEIVED,DRAYAGE,Received,10/9/2025,10/15/2025,10/15/2025,10/15/2025,12/3/2025,",",",",163,615,50,665,502,0,502,Rick,BROKER,665,665,665,665,Net 30,No,0,BillNotPaid,10/15/2025,10/15/2025,,0,0,0,Yes,55,Shipper 13,Carrier 76,0,0,0,0,49,FALSE,FALSE
LD188,COMPLETED,DRAYAGE,Received,10/9/2025,10/15/2025,10/22/2025,10/22/2025,11/5/2025,"Norfolk, Virginia 23505","Norfolk, Virginia 23505",250,950,0,950,700,0,700,David,BROKER,950,950,950,950,Net 30,No,0,Paid,10/22/2025,10/22/2025,11/18/2025,700,700,0,No,0,Shipper 5,Carrier 5,700,700,0,0,21,FALSE,FALSE
LD189,COMPLETED,FTL,Received,10/8/2025,10/8/2025,10/9/2025,10/9/2025,11/19/2025,",",",",185,585,0,585,400,0,400,Rick,BROKER,585,585,585,585,Net 30,No,0,Paid,10/9/2025,10/9/2025,11/18/2025,400,400,0,No,0,Shipper 4,Carrier 77,400,400,0,0,42,FALSE,FALSE
LD190,COMPLETED,DRAYAGE,Received,10/8/2025,10/15/2025,10/16/2025,10/16/2025,11/30/2025,",",",",125,2100,430,2530,2405,0,2405,Mark,TEAM_LEAD,2530,2530,2530,2530,Net 30,No,0,Paid,10/16/2025,10/16/2025,10/16/2025,2320.83,2405,0,No,0,Shipper 2,Carrier 78,2320.83,2405,-84.17,-0.036267198,46,FALSE,FALSE
LD191,COMPLETED,FTL,Received,10/8/2025,10/10/2025,10/13/2025,10/13/2025,11/14/2025,",",",",50,1500,0,1500,1450,0,1450,Rick,BROKER,1500,1500,1500,1500,Net 30,No,0,Paid,10/13/2025,10/13/2025,12/2/2025,1450,1450,0,No,0,Shipper 7,Carrier 66,1450,1450,0,0,35,FALSE,FALSE
LD192,RECEIVED,DRAYAGE,Received,10/7/2025,10/22/2025,10/22/2025,10/22/2025,11/5/2025,"Norfolk, Virginia 23505","Norfolk, Virginia 23505",250,950,0,950,700,0,700,David,BROKER,950,950,950,950,Net 30,No,0,BillNotPaid,10/22/2025,10/22/2025,,0,0,0,Yes,48,Shipper 5,Carrier 11,0,0,0,0,14,FALSE,FALSE
LD193,COMPLETED,FTL,Received,10/7/2025,10/7/2025,10/9/2025,10/9/2025,11/12/2025,",",",",50,350,0,350,300,0,300,David,BROKER,350,350,350,350,Net 30,No,0,Paid,10/9/2025,10/9/2025,11/14/2025,300,300,0,No,0,Shipper 15,Carrier 79,300,300,0,0,36,FALSE,FALSE
LD194,COMPLETED,FTL,Received,10/7/2025,10/8/2025,10/9/2025,10/9/2025,11/7/2025,",",",",160,1060,0,1060,900,0,900,Rick,BROKER,1060,1060,1060,1060,Net 30,No,0,Paid,10/9/2025,10/9/2025,11/25/2025,900,900,0,No,0,Shipper 7,Carrier 66,900,900,0,0,30,FALSE,FALSE
LD195,RECEIVED,LTL,Received,10/6/2025,10/8/2025,10/6/2025,10/9/2025,11/6/2025,",",",",165,565,0,565,400,0,400,Rick,BROKER,565,565,565,565,Net 30,No,0,BillNotPaid,10/6/2025,10/6/2025,,0,0,0,Yes,64,Shipper 10,Carrier 1,0,0,0,0,29,FALSE,FALSE
LD196,COMPLETED,DRAYAGE,Received,10/6/2025,10/9/2025,10/10/2025,10/10/2025,11/20/2025,",",",",150,1450,0,1450,1300,0,1300,Mark,TEAM_LEAD,1450,1450,1450,1450,Net 30,No,0,Paid,10/10/2025,10/10/2025,11/19/2025,1300,1300,0,No,0,Shipper 2,Carrier 80,1300,1300,0,0,42,FALSE,FALSE
LD197,COMPLETED,FTL,Received,10/6/2025,10/7/2025,10/17/2025,10/17/2025,11/13/2025,",",",",95,855,0,855,760,0,760,Mark,TEAM_LEAD,855,855,855,855,Net 30,No,0,Paid,10/17/2025,10/17/2025,11/30/2025,760,760,0,No,0,Shipper 9,Carrier 28,760,760,0,0,37,FALSE,FALSE
LD198,RECEIVED,LTL,Received,10/6/2025,10/8/2025,10/9/2025,10/9/2025,11/23/2025,",",",",145,1145,0,1145,1000,0,1000,Rick,BROKER,1145,1145,1145,1145,Net 30,No,0,BillNotPaid,10/9/2025,10/9/2025,,0,0,0,Yes,61,Shipper 10,Carrier 6,0,0,0,0,46,FALSE,FALSE
LD199,RECEIVED,DRAYAGE,Received,10/6/2025,11/14/2025,11/17/2025,11/17/2025,12/2/2025,",",",",195,850,45,895,700,0,700,David,BROKER,895,895,895,895,Net 15,No,0,BillNotPaid,11/17/2025,12/17/2025,,0,0,0,No,0,Shipper 1,Carrier 1,0,0,0,0,18,FALSE,FALSE
LD200,BOOKED,DRAYAGE,,9/11/2025,,,,,",",",",0,1800,0,1800,1800,0,1800,David,BROKER,1800,0,0,0,Net 7,No,0,Paid,12/1/2025,12/31/2025,11/24/2025,1800,1800,0,No,0,Shipper 19,Carrier 81,1800,1800,0,0,,FALSE,FALSE
LD201,RECEIVED,DRAYAGE,Received,10/6/2025,10/15/2025,10/17/2025,10/17/2025,11/30/2025,",",",",68.13,393.76,170,563.76,495.63,0,495.63,Mark,TEAM_LEAD,563.76,563.76,563.76,563.76,Net 30,No,0,BillNotPaid,10/17/2025,10/17/2025,,0,0,0,Yes,53,Shipper 2,Carrier 7,0,0,0,0,46,FALSE,FALSE
LD202,COMPLETED,DRAYAGE,Received,10/3/2025,10/17/2025,10/21/2025,10/21/2025,12/4/2025,",",",",-20.44,3094.56,0,3094.56,3115,0,3115,Mark,TEAM_LEAD,3094.56,3094.56,3514.56,3514.56,Net 30,No,0,Paid,11/25/2025,12/25/2025,11/25/2025,3115,3115,0,No,0,Shipper 2,Carrier 82,3115,3115,0,0,48,FALSE,FALSE
LD203,RECEIVED,DRAYAGE,Received,10/3/2025,11/13/2025,11/17/2025,11/17/2025,12/2/2025,",",",",195,850,45,895,700,0,700,David,BROKER,895,895,895,895,Net 15,No,0,BillNotPaid,11/17/2025,12/17/2025,,0,0,0,No,0,Shipper 1,Carrier 7,0,0,0,0,19,FALSE,FALSE
LD204,RECEIVED,DRAYAGE,Received,10/3/2025,10/9/2025,10/10/2025,10/10/2025,11/14/2025,",",",",141,746,0,746,605,0,605,Mark,TEAM_LEAD,746,746,746,746,Net 30,No,0,BillNotPaid,10/10/2025,10/10/2025,,0,0,0,Yes,60,Shipper 12,Carrier 83,0,0,0,0,36,FALSE,FALSE
LD205,COMPLETED,DRAYAGE,Received,10/2/2025,10/2/2025,10/16/2025,10/16/2025,11/30/2025,"Oakland, California 94607-1046","Sacramento, California 95827-3044",252.75,1154,0,1154,901.25,0,901.25,Ana,BROKER,1154,1154,1154,1154,Net 30,No,0,Paid,10/16/2025,10/16/2025,11/25/2025,901.25,901.25,0,No,0,Shipper 6,Carrier 7,901.25,901.25,0,0,59,FALSE,FALSE
LD206,RECEIVED,DRAYAGE,Received,10/2/2025,10/22/2025,10/22/2025,10/22/2025,11/19/2025,"Seattle, Washington 98144","Lacey, Washington 98516",180,600,355,955,450,325,775,David,BROKER,955,955,955,955,Net 15,No,0,BillNotPaid,10/22/2025,10/22/2025,,0,0,0,Yes,48,Shipper 1,Carrier 2,0,0,0,0,28,FALSE,FALSE
LD207,RECEIVED,DRAYAGE,Received,10/2/2025,10/29/2025,11/5/2025,11/5/2025,11/19/2025,"Seattle, Washington 98144","Lacey, Washington 98516",175,600,255,855,680,0,680,David,BROKER,855,855,855,855,Net 15,No,0,BillNotPaid,11/5/2025,12/5/2025,,0,0,0,Yes,4,Shipper 1,Carrier 82,0,0,0,0,21,FALSE,FALSE
LD208,RECEIVED,DRAYAGE,Received,10/2/2025,11/13/2025,11/17/2025,11/17/2025,12/2/2025,",",",",195,895,0,895,700,0,700,David,BROKER,895,895,895,895,Net 15,No,0,BillNotPaid,12/5/2025,1/4/2026,,0,0,0,No,0,Shipper 1,Carrier 82,0,0,0,0,19,FALSE,FALSE
LD209,COMPLETED,DRAYAGE,Received,10/2/2025,10/7/2025,10/9/2025,10/9/2025,11/20/2025,",",",",236.43,393.76,515,908.76,672.33,0,672.33,Mark,TEAM_LEAD,908.76,908.76,908.76,908.76,Net 30,No,0,Paid,10/9/2025,10/9/2025,11/17/2025,672.33,672.33,0,No,0,Shipper 2,Carrier 84,672.33,672.33,0,0,44,FALSE,FALSE
LD210,RECEIVED,FTL,Received,10/2/2025,10/3/2025,10/6/2025,10/7/2025,11/19/2025,",",",",425,1075,0,1075,650,0,650,Rick,BROKER,1075,1075,1075,1075,Net 30,No,0,BillNotPaid,10/6/2025,10/6/2025,,0,0,0,Yes,64,Shipper 4,Carrier 11,0,0,0,0,47,FALSE,FALSE
LD211,COMPLETED,DRAYAGE,Received,10/2/2025,10/8/2025,10/9/2025,10/9/2025,11/20/2025,",",",",261.43,393.76,615,1008.76,747.33,0,747.33,Mark,TEAM_LEAD,1008.76,1008.76,1008.76,1008.76,Net 30,No,0,Paid,10/9/2025,10/9/2025,11/17/2025,747.33,747.33,0,No,0,Shipper 2,Carrier 85,747.33,747.33,0,0,43,FALSE,FALSE
LD212,RECEIVED,FTL,Received,10/2/2025,10/6/2025,10/10/2025,10/10/2025,11/25/2025,",",",",150,1750,0,1750,1600,0,1600,Ana,BROKER,1750,1750,1750,1750,Net 30,No,0,BillNotPaid,10/10/2025,10/10/2025,,0,0,0,Yes,60,Shipper 6,Carrier 86,0,0,0,0,50,FALSE,FALSE
LD213,COMPLETED,DRAYAGE,Received,10/1/2025,10/9/2025,10/10/2025,10/10/2025,11/20/2025,",",",",203.13,393.76,495,888.76,685.63,0,685.63,Mark,TEAM_LEAD,888.76,888.76,888.76,888.76,Net 30,No,0,Paid,10/10/2025,10/10/2025,11/17/2025,685.63,685.63,0,No,0,Shipper 2,Carrier 24,685.63,685.63,0,0,42,FALSE,FALSE
LD214,RECEIVED,DRAYAGE,Received,10/1/2025,10/3/2025,10/10/2025,10/10/2025,11/20/2025,",",",",135,490,100,590,455,0,455,Mark,TEAM_LEAD,590,590,590,590,Net 30,No,0,BillNotPaid,10/10/2025,10/10/2025,,0,0,0,Yes,60,Shipper 2,Carrier 87,0,0,0,0,48,FALSE,FALSE
LD215,RECEIVED,DRAYAGE,Received,10/1/2025,10/30/2025,11/5/2025,11/5/2025,11/19/2025,"Seattle, Washington 98144","Lacey, Washington 98516",175,600,255,855,680,0,680,David,BROKER,855,855,855,855,Net 15,No,0,BillNotPaid,12/5/2025,1/4/2026,,0,0,0,No,0,Shipper 1,Carrier 34,0,0,0,0,20,FALSE,FALSE
LD216,RECEIVED,DRAYAGE,Received,10/1/2025,10/29/2025,11/5/2025,11/5/2025,11/19/2025,"Seattle, Washington 98144","Lacey, Washington 98516",155,600,40,640,485,0,485,David,BROKER,640,640,640,640,Net 15,No,0,BillNotPaid,11/5/2025,12/5/2025,,0,0,0,Yes,4,Shipper 1,Carrier 82,0,0,0,0,21,FALSE,FALSE
LD217,COMPLETED,FTL,Received,10/1/2025,10/2/2025,10/3/2025,10/3/2025,11/19/2025,",",",",170,545,0,545,375,0,375,Rick,BROKER,545,545,545,545,Net 30,No,0,Paid,10/3/2025,10/3/2025,11/12/2025,375,375,0,No,0,Shipper 4,Carrier 88,375,375,0,0,48,FALSE,FALSE
LD218,COMPLETED,DRAYAGE,Received,9/30/2025,10/10/2025,10/13/2025,10/13/2025,11/20/2025,",",",",400,1650,0,1650,1250,0,1250,Mark,TEAM_LEAD,1650,1650,1650,1650,Net 30,No,0,Paid,10/13/2025,10/13/2025,11/19/2025,1250,1250,0,No,0,Shipper 2,Carrier 11,1250,1250,0,0,41,FALSE,FALSE
LD219,COMPLETED,DRAYAGE,Received,9/30/2025,9/30/2025,10/7/2025,10/7/2025,11/3/2025,"Philadelphia, Pennsylvania 19148","Philadelphia, Pennsylvania 19148-5410",2130,2930,0,2930,800,0,800,Ana,BROKER,2930,2930,2930,2930,Net 30,No,0,Paid,10/7/2025,10/7/2025,10/7/2025,772,800,0,No,0,Shipper 14,Carrier 88,772,800,-28,-0.03626943,34,FALSE,FALSE
LD220,COLLECTION,FTL,Invoice Sent,9/29/2025,9/30/2025,10/7/2025,10/7/2025,,"Philadelphia, Pennsylvania 19148-5410","Dundee, Michigan 48131",-1411,0,0,0,1411,0,1411,Ana,BROKER,0,0,0,0,Net 30,Yes,33,BillNotPaid,10/7/2025,10/7/2025,,0,0,0,Yes,63,Shipper 14,Carrier 11,0,0,0,0,,FALSE,FALSE
LD221,RECEIVED,LTL,Received,9/29/2025,9/30/2025,10/2/2025,10/2/2025,11/6/2025,",",",",85,585,0,585,500,0,500,Rick,BROKER,585,585,585,585,Net 30,No,0,BillNotPaid,10/2/2025,10/2/2025,,0,0,0,Yes,68,Shipper 10,Carrier 34,0,0,0,0,37,FALSE,FALSE
LD222,COLLECTION,DRAYAGE,Invoice Sent,9/29/2025,10/9/2025,11/6/2025,11/6/2025,,",",",",110,1465,495,1960,1850,0,1850,Mark,TEAM_LEAD,1960,1960,1960,0,Net 30,Yes,3,BillNotPaid,11/6/2025,12/6/2025,,0,0,0,Yes,3,Shipper 9,Carrier 33,0,0,0,0,,FALSE,FALSE
LD223,COMPLETED,DRAYAGE,Received,9/26/2025,10/15/2025,10/15/2025,10/15/2025,11/7/2025,",",",",170,1070,0,1070,900,0,900,David,BROKER,1070,1070,1070,1070,Net 30,No,0,Paid,10/15/2025,10/15/2025,11/4/2025,900,900,0,No,0,Shipper 5,Carrier 89,900,900,0,0,23,FALSE,FALSE
LD224,COLLECTION,FTL,Invoice Sent,9/26/2025,9/30/2025,10/7/2025,10/7/2025,,"Philadelphia, Pennsylvania 19148-5410","Dundee, Michigan 48131",-1050,0,0,0,1050,0,1050,Ana,BROKER,0,0,0,0,Net 30,Yes,33,Paid,10/7/2025,10/7/2025,11/10/2025,1050,1050,0,No,0,Shipper 14,Carrier 90,1050,1050,0,0,,FALSE,FALSE
LD225,COMPLETED,DRAYAGE,Received,9/26/2025,9/30/2025,10/1/2025,10/1/2025,11/14/2025,",",",",400,1750,0,1750,1350,0,1350,Mark,TEAM_LEAD,1750,1750,1750,1750,Net 30,No,0,Paid,10/1/2025,10/1/2025,11/19/2025,1350,1350,0,No,0,Shipper 2,Carrier 24,1350,1350,0,0,45,FALSE,FALSE
LD226,COLLECTION,FTL,Invoice Sent,9/25/2025,9/26/2025,10/7/2025,10/7/2025,,"Philadelphia, Pennsylvania 19148-5410","Dundee, Michigan 48131",-1050,0,0,0,1050,0,1050,Ana,BROKER,0,0,0,0,Net 30,Yes,33,Paid,10/7/2025,10/7/2025,11/10/2025,1050,1050,0,No,0,Shipper 14,Carrier 24,1050,1050,0,0,,FALSE,FALSE
LD227,RECEIVED,DRAYAGE,Received,9/25/2025,9/26/2025,10/7/2025,10/7/2025,11/20/2025,",",",",135,490,200,690,555,0,555,Mark,TEAM_LEAD,690,690,690,690,Net 30,No,0,BillNotPaid,10/7/2025,10/7/2025,,0,0,0,Yes,63,Shipper 2,Carrier 37,0,0,0,0,55,FALSE,FALSE
LD228,COMPLETED,FTL,Received,9/25/2025,9/26/2025,9/29/2025,9/29/2025,11/3/2025,",",",",50,950,0,950,900,0,900,David,BROKER,950,950,950,950,Net 30,No,0,Paid,9/29/2025,9/29/2025,11/17/2025,900,900,0,No,0,Shipper 15,Carrier 58,900,900,0,0,38,FALSE,FALSE
LD229,RECEIVED,FTL,Received,9/25/2025,10/24/2025,10/28/2025,10/28/2025,11/20/2025,",",",",575,1525,0,1525,950,0,950,David,BROKER,1525,1525,1525,1525,Net 30,No,0,,,,,0,0,0,No,0,Shipper 5,Carrier 91,0,0,0,0,27,FALSE,FALSE
LD230,COLLECTION,FTL,Invoice Sent,9/25/2025,9/29/2025,10/7/2025,10/7/2025,,"Philadelphia, Pennsylvania 19148-5410","Dundee, Michigan 48131",-1050,0,0,0,1050,0,1050,Ana,BROKER,0,0,0,0,Net 30,Yes,33,Paid,10/7/2025,10/7/2025,11/17/2025,1050,1050,0,No,0,Shipper 14,Carrier 6,1050,1050,0,0,,FALSE,FALSE
LD231,BOOKED,DRAYAGE,,9/10/2025,,,,,",",",",-533.61,4900,0,4900,5433.61,0,5433.61,David,BROKER,4900,0,0,0,Net 7,No,0,Paid,11/12/2025,12/12/2025,11/12/2025,5433.61,5433.61,0,No,0,Shipper 19,Carrier 6,5433.61,5433.61,0,0,,FALSE,FALSE
LD232,COMPLETED,DRAYAGE,Received,9/24/2025,9/29/2025,10/7/2025,10/7/2025,11/3/2025,"Philadelphia, Pennsylvania 19148","Philadelphia, Pennsylvania 19148-5410",2130,2930,0,2930,800,0,800,Ana,BROKER,2930,2930,2930,2930,Net 30,No,0,Paid,10/7/2025,10/7/2025,10/7/2025,772,800,0,No,0,Shipper 14,Carrier 91,772,800,-28,-0.03626943,35,FALSE,FALSE
LD233,COMPLETED,DRAYAGE,Received,9/24/2025,9/29/2025,9/30/2025,9/30/2025,10/31/2025,",",",",490,1650,90,1740,1250,0,1250,Mark,TEAM_LEAD,1740,1740,1740,1740,Net 30,No,0,Paid,9/30/2025,9/30/2025,11/12/2025,1250,1250,0,No,0,Shipper 2,Carrier 29,1250,1250,0,0,32,FALSE,FALSE
LD234,COMPLETED,FTL,Received,9/24/2025,9/26/2025,9/29/2025,9/29/2025,11/3/2025,",",",",50,950,0,950,900,0,900,David,BROKER,950,950,950,950,Net 30,No,0,Paid,9/29/2025,9/29/2025,11/18/2025,900,900,0,No,0,Shipper 15,Carrier 11,900,900,0,0,38,FALSE,FALSE
LD235,COMPLETED,DRAYAGE,Received,9/24/2025,9/25/2025,9/26/2025,9/26/2025,10/31/2025,",",",",400,1750,0,1750,1350,0,1350,Mark,TEAM_LEAD,1750,1750,1750,1750,Net 30,No,0,Paid,9/26/2025,9/26/2025,11/12/2025,1350,1350,0,No,0,Shipper 2,Carrier 24,1350,1350,0,0,36,FALSE,FALSE
LD236,COMPLETED,FTL,Received,9/23/2025,9/24/2025,9/29/2025,9/29/2025,11/3/2025,",",",",10,900,0,900,890,0,890,David,BROKER,900,900,900,900,Net 30,No,0,Paid,9/29/2025,9/29/2025,11/13/2025,890,890,0,No,0,Shipper 15,Carrier 24,890,890,0,0,40,FALSE,FALSE
LD237,TONU,FTL,Received,9/23/2025,,9/25/2025,9/25/2025,11/5/2025,",",",",50,200,0,200,150,0,150,Rick,BROKER,200,0,200,200,Net 30,No,0,Paid,9/25/2025,9/25/2025,9/29/2025,150,150,0,No,0,Shipper 4,Carrier 28,150,150,0,0,,FALSE,FALSE
LD238,COMPLETED,FTL,Received,9/23/2025,9/24/2025,9/29/2025,9/29/2025,11/12/2025,",",",",0,900,0,900,900,0,900,David,BROKER,900,900,900,900,Net 30,No,0,Paid,9/29/2025,9/29/2025,11/17/2025,900,900,0,No,0,Shipper 15,Carrier 2,900,900,0,0,49,FALSE,FALSE
LD239,COMPLETED,DRAYAGE,Received,9/23/2025,9/25/2025,9/26/2025,9/26/2025,10/31/2025,",",",",411.44,1410,340,1750,1338.56,0,1338.56,Mark,TEAM_LEAD,1750,1750,1750,1750,Net 30,No,0,Paid,9/29/2025,9/29/2025,11/6/2025,1338.56,1338.56,0,No,0,Shipper 2,Carrier 18,1338.56,1338.56,0,0,36,FALSE,FALSE
LD240,COMPLETED,FTL,Received,9/23/2025,9/24/2025,9/25/2025,9/25/2025,11/5/2025,",",",",295,1545,0,1545,1250,0,1250,Rick,BROKER,1545,1545,1545,1545,Net 30,No,0,Paid,9/25/2025,9/25/2025,11/5/2025,1250,1250,0,No,0,Shipper 4,Carrier 18,1250,1250,0,0,42,FALSE,FALSE
LD241,RECEIVED,LTL,Received,9/22/2025,9/24/2025,9/24/2025,9/24/2025,11/6/2025,",",",",165,565,0,565,400,0,400,Rick,BROKER,565,565,565,565,Net 30,No,0,BillNotPaid,9/24/2025,9/24/2025,,0,0,0,Yes,76,Shipper 10,Carrier 34,0,0,0,0,43,FALSE,FALSE
LD242,COMPLETED,DRAYAGE,Received,9/22/2025,10/2/2025,10/6/2025,10/6/2025,11/14/2025,",",",",414.56,3094.56,515,3609.56,3195,0,3195,Mark,TEAM_LEAD,3609.56,3609.56,3609.56,3609.56,Net 30,No,0,Paid,10/6/2025,10/6/2025,11/12/2025,3195,3195,0,No,0,Shipper 2,Carrier 2,3195,3195,0,0,43,FALSE,FALSE
LD243,COMPLETED,DRAYAGE,Received,9/22/2025,9/26/2025,9/29/2025,9/29/2025,10/31/2025,",",",",155,1550,295,1845,1690,0,1690,Mark,TEAM_LEAD,1845,1845,1845,1845,Net 30,No,0,Paid,9/30/2025,9/30/2025,11/7/2025,1690,1690,0,No,0,Shipper 2,Carrier 18,1690,1690,0,0,35,FALSE,FALSE
LD244,COMPLETED,DRAYAGE,Received,9/22/2025,9/26/2025,10/7/2025,10/7/2025,11/3/2025,"Philadelphia, Pennsylvania 19148","Philadelphia, Pennsylvania 19148-5410",2030,2930,0,2930,900,0,900,Ana,BROKER,2930,2930,2930,2930,Net 30,No,0,Paid,10/7/2025,10/7/2025,10/7/2025,868.5,900,0,No,0,Shipper 14,Carrier 3,868.5,900,-31.5,-0.03626943,38,FALSE,FALSE
LD245,COMPLETED,FTL,Received,9/22/2025,9/23/2025,9/29/2025,9/29/2025,11/3/2025,",",",",150,1150,0,1150,1000,0,1000,David,BROKER,1150,1150,1150,1150,Net 30,No,0,Paid,9/29/2025,9/29/2025,12/5/2025,1000,1000,0,No,0,Shipper 15,Carrier 92,1000,1000,0,0,41,FALSE,FALSE
LD246,RECEIVED,FTL,Received,9/22/2025,9/23/2025,9/24/2025,9/24/2025,10/24/2025,",",",",50,1150,0,1150,1100,0,1100,Rick,BROKER,1150,1150,1150,1150,Net 30,No,0,BillNotPaid,9/24/2025,9/24/2025,,0,0,0,Yes,76,Shipper 7,Carrier 1,0,0,0,0,31,FALSE,FALSE
LD247,COMPLETED,FTL,Received,9/22/2025,9/24/2025,9/26/2025,9/26/2025,10/30/2025,",",",",0,350,0,350,350,0,350,Mark,TEAM_LEAD,350,350,350,350,Net 30,No,0,Paid,9/26/2025,9/26/2025,11/12/2025,350,350,0,No,0,Shipper 9,Carrier 93,350,350,0,0,36,FALSE,FALSE
LD248,RECEIVED,FTL,Received,9/22/2025,9/24/2025,9/29/2025,9/29/2025,11/3/2025,",",",",50,900,0,900,850,0,850,David,BROKER,900,900,900,900,Net 30,No,0,BillNotPaid,9/29/2025,9/29/2025,,0,0,0,Yes,71,Shipper 15,Carrier 94,0,0,0,0,40,FALSE,FALSE
LD249,COMPLETED,DRAYAGE,Received,9/22/2025,9/24/2025,9/26/2025,9/26/2025,10/31/2025,",",",",210,1810,0,1810,1600,0,1600,Mark,TEAM_LEAD,1810,1810,1810,1810,Net 30,No,0,Paid,9/26/2025,9/26/2025,11/10/2025,1600,1600,0,No,0,Shipper 2,Carrier 3,1600,1600,0,0,37,FALSE,FALSE
LD250,RECEIVED,DRAYAGE,Received,9/19/2025,11/4/2025,11/10/2025,11/10/2025,12/2/2025,",",",",300,1450,250,1700,1400,0,1400,David,BROKER,1700,1700,1700,1700,Net 15,No,0,,,,,0,0,0,No,0,Shipper 1,Carrier 95,0,0,0,0,28,FALSE,FALSE
LD251,RECEIVED,DRAYAGE,Received,9/19/2025,9/24/2025,9/24/2025,9/24/2025,10/8/2025,",",",",291,660,270,930,639,0,639,David,BROKER,930,930,930,930,Net 15,No,0,BillNotPaid,9/25/2025,9/25/2025,,0,0,0,Yes,75,Shipper 1,Carrier 29,0,0,0,0,14,FALSE,FALSE
LD252,TONU,FTL,Invoice Sent,9/19/2025,,9/25/2025,9/25/2025,,",",",",-100,0,0,0,100,0,100,Rick,BROKER,0,0,0,0,Net 30,Yes,45,Paid,9/25/2025,9/25/2025,10/23/2025,100,100,0,No,0,Shipper 7,Carrier 96,100,100,0,0,,FALSE,FALSE
LD253,COMPLETED,DRAYAGE,Received,9/18/2025,10/3/2025,10/7/2025,10/7/2025,11/20/2025,",",",",454.56,3094.56,720,3814.56,3360,0,3360,Mark,TEAM_LEAD,3814.56,3814.56,3814.56,3814.56,Net 30,No,0,Paid,10/7/2025,10/7/2025,11/13/2025,3360,3360,0,No,0,Shipper 2,Carrier 97,3360,3360,0,0,48,FALSE,FALSE
LD254,COMPLETED,DRAYAGE,Received,9/18/2025,10/3/2025,10/7/2025,10/7/2025,11/20/2025,",",",",334.56,3094.56,720,3814.56,3480,0,3480,Mark,TEAM_LEAD,3814.56,3814.56,3814.56,3814.56,Net 30,No,0,Paid,10/7/2025,10/7/2025,11/14/2025,3480,3480,0,No,0,Shipper 2,Carrier 29,3480,3480,0,0,48,FALSE,FALSE
LD255,COMPLETED,DRAYAGE,Received,9/18/2025,10/1/2025,10/1/2025,10/1/2025,10/21/2025,",",",",175,1900,257.5,2157.5,1982.5,0,1982.5,David,BROKER,2157.5,2157.5,2157.5,2157.5,Net 30,No,0,Paid,10/1/2025,10/1/2025,10/2/2025,1932.94,1982.5,0,No,0,Shipper 5,Carrier 29,1932.94,1982.5,-49.56,-0.025639699,20,FALSE,FALSE
LD256,COMPLETED,FTL,Received,9/18/2025,9/23/2025,10/1/2025,10/1/2025,11/17/2025,",",",",200,2600,0,2600,2400,0,2400,Ana,BROKER,2600,2600,2600,2600,Net 15,No,0,Paid,10/1/2025,10/1/2025,11/7/2025,2400,2400,0,No,0,Shipper 3,Carrier 24,2400,2400,0,0,55,FALSE,FALSE
LD257,COMPLETED,FTL,Received,9/18/2025,9/22/2025,9/23/2025,9/23/2025,11/6/2025,",",",",119,1272.06,0,1272.06,1153.06,0,1153.06,Mark,TEAM_LEAD,1272.06,1272.06,1272.06,1272.06,Net 30,No,0,Paid,9/23/2025,9/23/2025,10/29/2025,1153.06,1153.06,0,No,0,Shipper 9,Carrier 11,1153.06,1153.06,0,0,45,FALSE,FALSE
LD258,COMPLETED,FTL,Received,9/18/2025,9/22/2025,9/22/2025,9/22/2025,10/28/2025,",",",",750,3450,0,3450,2700,0,2700,Rick,BROKER,3450,3450,3450,3450,Net 30,No,0,Paid,9/22/2025,9/22/2025,11/13/2025,2700,2700,0,No,0,Shipper 4,Carrier 98,2700,2700,0,0,36,FALSE,FALSE
LD259,RECEIVED,LTL,Received,9/17/2025,9/18/2025,9/22/2025,9/22/2025,11/6/2025,",",",",175,1175,0,1175,1000,0,1000,Rick,BROKER,1175,1175,1175,1175,Net 30,No,0,BillNotPaid,9/22/2025,9/22/2025,,0,0,0,Yes,78,Shipper 10,Carrier 37,0,0,0,0,49,FALSE,FALSE
LD260,COMPLETED,DRAYAGE,Received,9/17/2025,9/29/2025,9/30/2025,9/30/2025,10/31/2025,",",",",2.75,1550,620,2170,2167.25,0,2167.25,Mark,TEAM_LEAD,2170,2170,2170,2170,Net 30,No,0,Paid,10/2/2025,10/2/2025,10/31/2025,2167.25,2167.25,0,No,0,Shipper 2,Carrier 99,2167.25,2167.25,0,0,32,FALSE,FALSE
LD261,COMPLETED,FTL,Received,9/17/2025,9/22/2025,9/22/2025,9/22/2025,10/28/2025,",",",",775,3975,0,3975,3200,0,3200,Rick,BROKER,3975,3975,3975,3975,Net 30,No,0,Paid,9/22/2025,9/22/2025,11/12/2025,3200,3200,0,No,0,Shipper 4,Carrier 5,3200,3200,0,0,36,FALSE,FALSE
LD262,COMPLETED,FTL,Received,9/16/2025,9/17/2025,9/18/2025,9/18/2025,10/20/2025,",",",",140,615,0,615,475,0,475,Mark,TEAM_LEAD,615,615,615,615,Net 30,No,0,Paid,9/18/2025,9/18/2025,11/4/2025,475,475,0,No,0,Shipper 9,Carrier 11,475,475,0,0,33,FALSE,FALSE
LD263,COMPLETED,DRAYAGE,Received,9/16/2025,9/18/2025,9/18/2025,9/18/2025,10/16/2025,",",",",15,1943.4,0,1943.4,1928.4,0,1928.4,David,BROKER,1943.4,1943.4,1943.4,1943.4,Net 30,No,0,Paid,9/18/2025,9/18/2025,10/22/2025,1928.4,1928.4,0,No,0,Shipper 5,Carrier 5,1928.4,1928.4,0,0,28,FALSE,FALSE
LD264,RECEIVED,DRAYAGE,Received,9/16/2025,9/17/2025,9/22/2025,9/22/2025,10/31/2025,",",",",95,490,300,790,695,0,695,Mark,TEAM_LEAD,790,790,790,790,Net 30,No,0,BillNotPaid,9/22/2025,9/22/2025,,0,0,0,Yes,78,Shipper 2,Carrier 100,0,0,0,0,44,FALSE,FALSE
LD265,COMPLETED,FTL,Received,9/16/2025,9/23/2025,9/23/2025,9/23/2025,11/5/2025,",",",",950,6250,0,6250,5300,0,5300,Rick,BROKER,6250,6250,6250,6250,Net 30,No,0,Paid,9/23/2025,9/23/2025,11/10/2025,5300,5300,0,No,0,Shipper 4,Carrier 5,5300,5300,0,0,43,FALSE,FALSE
LD266,COMPLETED,DRAYAGE,Received,9/16/2025,9/26/2025,9/29/2025,9/29/2025,10/21/2025,"Norfolk, Virginia 23505","Norfolk, Virginia 23505",250,950,0,950,700,0,700,David,BROKER,950,950,950,950,Net 30,No,0,Paid,9/29/2025,9/29/2025,11/18/2025,700,700,0,No,0,Shipper 5,Carrier 2,700,700,0,0,25,FALSE,FALSE
LD267,INVOICED,FTL,Invoice Sent,11/14/2025,11/21/2025,11/24/2025,11/24/2025,,",",",",100,3500,0,3500,3400,0,3400,James,BROKER,3500,3500,3500,0,Net 30,No,0,BillNotPaid,12/5/2025,12/12/2025,,0,0,0,No,0,Shipper 20,Carrier 99,0,0,0,0,,FALSE,FALSE
LD268,COMPLETED,DRAYAGE,Received,9/15/2025,9/25/2025,9/25/2025,9/25/2025,10/21/2025,",",",",230,1100,45,1145,915,0,915,David,BROKER,1145,1145,1145,1145,Net 30,No,0,Paid,9/25/2025,9/25/2025,11/7/2025,915,915,0,No,0,Shipper 5,Carrier 99,915,915,0,0,26,FALSE,FALSE
LD269,COMPLETED,DRAYAGE,Received,9/15/2025,9/24/2025,9/24/2025,9/24/2025,10/21/2025,"Norfolk, Virginia 23505","Norfolk, Virginia 23505",170,950,0,950,780,0,780,David,BROKER,950,950,950,950,Net 30,No,0,Paid,9/24/2025,9/24/2025,11/18/2025,780,780,0,No,0,Shipper 5,Carrier 101,780,780,0,0,27,FALSE,FALSE
LD270,COMPLETED,FTL,Received,9/15/2025,9/16/2025,9/16/2025,9/16/2025,10/31/2025,",",",",50,850,0,850,800,0,800,Mark,TEAM_LEAD,850,850,850,850,Net 30,No,0,Paid,11/4/2025,12/4/2025,11/3/2025,800,800,0,No,0,Shipper 2,Carrier 11,800,800,0,0,45,FALSE,FALSE
LD271,COMPLETED,FTL,Received,9/15/2025,9/17/2025,9/17/2025,9/17/2025,11/6/2025,",",",",165,565,0,565,400,0,400,Rick,BROKER,565,565,565,565,Net 30,No,0,Paid,9/17/2025,9/17/2025,11/23/2025,400,400,0,No,0,Shipper 10,Carrier 102,400,400,0,0,50,FALSE,FALSE
LD272,INVOICED,FTL,Invoice Sent,11/10/2025,11/12/2025,11/18/2025,11/18/2025,,",",",",100,1800,0,1800,1700,0,1700,James,BROKER,1800,1800,1800,0,Net 30,No,0,BillNotPaid,12/5/2025,12/12/2025,,0,0,0,No,0,Shipper 20,Carrier 103,0,0,0,0,,FALSE,FALSE
LD273,RECEIVED,DRAYAGE,Received,9/12/2025,9/23/2025,9/25/2025,9/25/2025,10/31/2025,",",",",175,2100,430,2530,2355,0,2355,Mark,TEAM_LEAD,2530,2530,2530,2530,Net 30,No,0,BillNotPaid,9/25/2025,9/25/2025,,0,0,0,Yes,75,Shipper 2,Carrier 24,0,0,0,0,38,FALSE,FALSE
LD274,COMPLETED,DRAYAGE,Received,9/12/2025,10/22/2025,10/22/2025,10/22/2025,11/19/2025,",",",",440,850,290,1140,700,0,700,David,BROKER,1140,1140,1140,1140,Net 15,No,0,Paid,10/22/2025,10/22/2025,11/30/2025,700,700,0,No,0,Shipper 1,Carrier 104,700,700,0,0,28,FALSE,FALSE
LD275,COMPLETED,DRAYAGE,Received,9/12/2025,9/24/2025,9/24/2025,9/24/2025,10/21/2025,"Norfolk, Virginia 23505","Norfolk, Virginia 23505",170,950,0,950,780,0,780,David,BROKER,950,950,950,950,Net 30,No,0,Paid,9/24/2025,9/24/2025,11/18/2025,780,780,0,No,0,Shipper 5,Carrier 34,780,780,0,0,27,FALSE,FALSE
LD276,BOOKED,FTL,,9/11/2025,,,,,",",",",0,1,0,1,1,0,1,Mark,TEAM_LEAD,1,0,0,0,Net 30,No,0,,,,,0,0,0,No,0,Shipper 12,Carrier 99,0,0,0,0,,FALSE,FALSE
LD277,RECEIVED,FTL,Received,10/28/2025,10/31/2025,10/31/2025,10/31/2025,11/10/2025,",",",",100,1800,0,1800,1700,0,1700,James,BROKER,1800,1800,1800,1800,Net 30,No,0,BillNotPaid,12/5/2025,12/12/2025,,0,0,0,No,0,Shipper 20,Carrier 105,0,0,0,0,10,FALSE,FALSE
LD278,COMPLETED,LTL,Received,10/21/2025,10/23/2025,10/23/2025,10/23/2025,11/7/2025,",",",",200,1250,0,1250,1050,0,1050,Kim,BROKER,1250,1250,1250,1250,Net 30,No,0,Paid,10/23/2025,10/23/2025,12/7/2025,1050,1050,0,No,0,Shipper 21,Carrier 11,1050,1050,0,0,15,FALSE,FALSE
LD279,COMPLETED,DRAYAGE,Received,9/11/2025,9/17/2025,9/22/2025,9/22/2025,11/7/2025,",",",",600,2100,0,2100,1500,0,1500,David,BROKER,2100,2100,2100,2100,Net 30,No,0,Paid,9/22/2025,9/22/2025,11/5/2025,1500,1500,0,No,0,Shipper 5,Carrier 105,1500,1500,0,0,51,FALSE,FALSE
LD280,COMPLETED,DRAYAGE,Received,9/10/2025,9/9/2025,9/10/2025,9/10/2025,10/17/2025,"Garden City, Georgia 31408","Macon, Georgia 31206-1146",100,1200,0,1200,1100,0,1100,Ana,BROKER,1200,1200,1200,1200,Net 30,No,0,Paid,9/10/2025,9/10/2025,9/11/2025,1061.5,1100,0,No,0,Shipper 14,Carrier 11,1061.5,1100,-38.5,-0.03626943,38,FALSE,FALSE
LD281,COMPLETED,DRAYAGE,Received,9/10/2025,9/9/2025,9/10/2025,9/10/2025,10/17/2025,"Garden City, Georgia 31408","Macon, Georgia 31206-1146",100,1200,0,1200,1100,0,1100,Ana,BROKER,1200,1200,1200,1200,Net 30,No,0,Paid,9/10/2025,9/10/2025,9/11/2025,1061.5,1100,0,No,0,Shipper 14,Carrier 34,1061.5,1100,-38.5,-0.03626943,38,FALSE,FALSE
LD282,COMPLETED,DRAYAGE,Received,9/10/2025,10/3/2025,10/3/2025,10/3/2025,10/21/2025,",",",",450,1350,130,1480,1030,0,1030,David,BROKER,1480,1480,1480,1480,Net 30,No,0,Paid,10/3/2025,10/3/2025,11/19/2025,1030,1030,0,No,0,Shipper 5,Carrier 33,1030,1030,0,0,18,FALSE,FALSE
LD283,RECEIVED,DRAYAGE,Received,9/10/2025,10/2/2025,10/2/2025,10/2/2025,10/21/2025,",",",",600,1500,0,1500,900,0,900,David,BROKER,1500,1500,1500,1500,Net 30,No,0,BillNotPaid,10/2/2025,10/2/2025,,0,0,0,Yes,68,Shipper 5,Carrier 106,0,0,0,0,19,FALSE,FALSE
LD284,COMPLETED,LTL,Received,9/24/2025,9/29/2025,9/29/2025,9/29/2025,10/16/2025,",",",",280,1680,0,1680,1400,0,1400,Kim,BROKER,1680,1680,1680,1680,Net 30,No,0,Paid,9/29/2025,9/29/2025,11/17/2025,1400,1400,0,No,0,Shipper 21,Carrier 107,1400,1400,0,0,17,FALSE,FALSE
LD285,COMPLETED,DRAYAGE,Received,9/10/2025,9/11/2025,9/12/2025,9/12/2025,10/21/2025,",",",",400,1750,0,1750,1350,0,1350,Mark,TEAM_LEAD,1750,1750,1750,1750,Net 30,No,0,Paid,9/12/2025,9/12/2025,11/4/2025,1350,1350,0,No,0,Shipper 2,Carrier 24,1350,1350,0,0,40,FALSE,FALSE
LD286,COMPLETED,DRAYAGE,Received,9/9/2025,9/5/2025,9/9/2025,9/9/2025,10/17/2025,"Garden City, Georgia 31408","Macon, Georgia 31206-1146",100,1200,0,1200,1100,0,1100,Ana,BROKER,1200,1200,1200,1200,Net 30,No,0,Paid,9/9/2025,9/9/2025,9/9/2025,1061.5,1100,0,No,0,Shipper 14,Carrier 24,1061.5,1100,-38.5,-0.03626943,42,FALSE,FALSE
LD287,COMPLETED,DRAYAGE,Received,9/9/2025,9/8/2025,9/9/2025,9/9/2025,10/17/2025,"Garden City, Georgia 31408","Macon, Georgia 31206-1146",100,1200,0,1200,1100,0,1100,Ana,BROKER,1200,1200,1200,1200,Net 30,No,0,Paid,9/9/2025,9/9/2025,9/9/2025,1061.5,1100,0,No,0,Shipper 14,Carrier 37,1061.5,1100,-38.5,-0.03626943,39,FALSE,FALSE
LD288,COMPLETED,DRAYAGE,Received,9/9/2025,9/8/2025,9/9/2025,9/9/2025,10/17/2025,"Garden City, Georgia 31408","Macon, Georgia 31206-1146",100,1200,0,1200,1100,0,1100,Ana,BROKER,1200,1200,1200,1200,Net 30,No,0,Paid,9/9/2025,9/9/2025,9/10/2025,1061.5,1100,0,No,0,Shipper 14,Carrier 58,1061.5,1100,-38.5,-0.03626943,39,FALSE,FALSE
LD289,COMPLETED,DRAYAGE,Received,9/9/2025,9/5/2025,9/9/2025,9/9/2025,10/17/2025,"Garden City, Georgia 31408","Macon, Georgia 31206-1146",100,1200,0,1200,1100,0,1100,Ana,BROKER,1200,1200,1200,1200,Net 30,No,0,Paid,9/9/2025,9/9/2025,9/10/2025,1061.5,1100,0,No,0,Shipper 14,Carrier 108,1061.5,1100,-38.5,-0.03626943,42,FALSE,FALSE
LD290,RECEIVED,DRAYAGE,Received,9/9/2025,9/10/2025,9/15/2025,9/15/2025,10/24/2025,",",",",235,765,0,765,530,0,530,Rick,BROKER,765,765,765,765,Net 30,No,0,BillNotPaid,9/15/2025,9/15/2025,,0,0,0,Yes,85,Shipper 13,Carrier 11,0,0,0,0,44,FALSE,FALSE
LD291,RECEIVED,FTL,Received,9/9/2025,9/11/2025,9/11/2025,9/11/2025,10/14/2025,",",",",119,1169,0,1169,1050,0,1050,Rick,BROKER,1169,1169,1169,1169,Net 30,No,0,BillNotPaid,9/11/2025,9/11/2025,,0,0,0,Yes,89,Shipper 7,Carrier 11,0,0,0,0,33,FALSE,FALSE
LD292,COMPLETED,DRAYAGE,Received,9/9/2025,9/10/2025,9/26/2025,9/26/2025,10/31/2025,",",",",138,583,145,728,590,0,590,Mark,TEAM_LEAD,728,728,728,728,Net 30,No,0,Paid,9/26/2025,9/26/2025,11/5/2025,590,590,0,No,0,Shipper 2,Carrier 108,590,590,0,0,51,FALSE,FALSE
LD293,RECEIVED,DRAYAGE,Received,9/8/2025,9/9/2025,9/15/2025,9/15/2025,10/24/2025,",",",",235,765,0,765,530,0,530,Rick,BROKER,765,765,765,765,Net 30,No,0,BillNotPaid,9/15/2025,9/15/2025,,0,0,0,Yes,85,Shipper 13,Carrier 29,0,0,0,0,45,FALSE,FALSE
LD294,RECEIVED,DRAYAGE,Received,9/8/2025,9/9/2025,9/16/2025,9/16/2025,10/24/2025,",",",",165,615,0,615,450,0,450,Rick,BROKER,615,615,615,615,Net 30,No,0,BillNotPaid,9/16/2025,9/16/2025,,0,0,0,Yes,84,Shipper 13,Carrier 11,0,0,0,0,45,FALSE,FALSE
LD295,RECEIVED,DRAYAGE,Received,9/8/2025,9/9/2025,9/15/2025,9/15/2025,10/24/2025,",",",",165,615,0,615,450,0,450,Rick,BROKER,615,615,615,615,Net 30,No,0,BillNotPaid,9/15/2025,9/15/2025,,0,0,0,Yes,85,Shipper 13,Carrier 24,0,0,0,0,45,FALSE,FALSE
LD296,RECEIVED,DRAYAGE,Received,9/8/2025,9/9/2025,9/15/2025,9/15/2025,10/24/2025,",",",",165,615,0,615,450,0,450,Rick,BROKER,615,615,615,615,Net 30,No,0,BillNotPaid,9/15/2025,9/15/2025,,0,0,0,Yes,85,Shipper 13,Carrier 24,0,0,0,0,45,FALSE,FALSE
LD297,RECEIVED,DRAYAGE,Received,9/8/2025,9/10/2025,9/15/2025,9/15/2025,10/24/2025,",",",",165,615,0,615,450,0,450,Rick,BROKER,615,615,615,615,Net 30,No,0,BillNotPaid,9/15/2025,9/15/2025,,0,0,0,Yes,85,Shipper 13,Carrier 28,0,0,0,0,44,FALSE,FALSE
LD298,COMPLETED,FTL,Received,9/8/2025,9/8/2025,9/9/2025,9/9/2025,10/21/2025,",",",",175,975,0,975,800,0,800,Rick,BROKER,975,975,975,975,Net 30,No,0,Paid,9/9/2025,9/9/2025,11/5/2025,800,800,0,No,0,Shipper 4,Carrier 2,800,800,0,0,43,FALSE,FALSE
LD299,COMPLETED,FTL,Received,9/8/2025,9/10/2025,9/10/2025,9/10/2025,10/7/2025,",",",",165,565,0,565,400,0,400,Rick,BROKER,565,565,565,565,Net 30,No,0,Paid,9/10/2025,9/10/2025,11/23/2025,400,400,0,No,0,Shipper 10,Carrier 18,400,400,0,0,27,FALSE,FALSE
LD300,COMPLETED,DRAYAGE,Received,9/8/2025,9/18/2025,9/22/2025,9/22/2025,10/31/2025,",",",",111.25,1550,420,1970,1858.75,0,1858.75,Mark,TEAM_LEAD,1970,1970,1970,1970,Net 30,No,0,Paid,9/22/2025,9/22/2025,11/7/2025,1858.75,1858.75,0,No,0,Shipper 2,Carrier 18,1858.75,1858.75,0,0,43,FALSE,FALSE
LD301,COMPLETED,DRAYAGE,Received,9/8/2025,9/18/2025,9/22/2025,9/22/2025,10/31/2025,",",",",52.75,1550,491.25,2041.25,1988.5,0,1988.5,Mark,TEAM_LEAD,2041.25,2041.25,2041.25,2041.25,Net 30,No,0,Paid,9/22/2025,9/22/2025,10/30/2025,1988.5,1988.5,0,No,0,Shipper 2,Carrier 34,1988.5,1988.5,0,0,43,FALSE,FALSE
LD302,COMPLETED,FTL,Received,9/2/2025,9/3/2025,9/4/2025,9/4/2025,9/22/2025,",",",",120,1020,0,1020,900,0,900,Kim,BROKER,1020,1020,1020,1020,Net 30,No,0,Paid,9/4/2025,9/4/2025,10/22/2025,900,900,0,No,0,Shipper 21,Carrier 2,900,900,0,0,19,FALSE,FALSE
LD303,COMPLETED,DRAYAGE,Received,9/5/2025,9/9/2025,9/26/2025,9/26/2025,10/31/2025,",",",",400,1750,0,1750,1350,0,1350,Mark,TEAM_LEAD,1750,1750,1750,1750,Net 30,No,0,Paid,9/26/2025,9/26/2025,10/28/2025,1350,1350,0,No,0,Shipper 2,Carrier 18,1350,1350,0,0,52,FALSE,FALSE
LD304,COMPLETED,FTL,Received,9/5/2025,9/8/2025,9/9/2025,9/9/2025,10/14/2025,",",",",50,1100,0,1100,1050,0,1050,Rick,BROKER,1100,1100,1100,1100,Net 30,No,0,Paid,9/9/2025,9/9/2025,11/4/2025,1050,1050,0,No,0,Shipper 7,Carrier 3,1050,1050,0,0,36,FALSE,FALSE
LD305,COMPLETED,FTL,Received,9/5/2025,9/8/2025,10/21/2025,10/21/2025,10/22/2025,",",",",125,300,0,300,175,0,175,Mark,TEAM_LEAD,300,300,300,300,Net 30,No,0,Paid,10/21/2025,10/21/2025,10/28/2025,175,175,0,No,0,Shipper 9,Carrier 109,175,175,0,0,44,FALSE,FALSE
LD306,COMPLETED,FTL,Received,9/4/2025,9/5/2025,9/8/2025,9/8/2025,10/21/2025,",",",",250,850,0,850,600,0,600,Mark,TEAM_LEAD,850,850,850,850,Net 30,No,0,Paid,9/8/2025,9/8/2025,10/21/2025,600,600,0,No,0,Shipper 2,Carrier 1,600,600,0,0,46,FALSE,FALSE
LD307,COMPLETED,FTL,Received,9/4/2025,9/5/2025,9/5/2025,9/5/2025,10/3/2025,",",",",50,750,0,750,700,0,700,Rick,BROKER,750,750,750,750,Net 30,No,0,Paid,9/5/2025,9/5/2025,11/4/2025,700,700,0,No,0,Shipper 7,Carrier 110,700,700,0,0,28,FALSE,FALSE
LD308,TONU,FTL,Received,9/4/2025,,9/4/2025,9/4/2025,10/3/2025,",",",",100,200,0,200,100,0,100,Rick,BROKER,200,0,200,200,Net 30,No,0,Paid,9/4/2025,9/4/2025,10/27/2025,100,100,0,No,0,Shipper 7,Carrier 111,100,100,0,0,,FALSE,FALSE
LD309,COLLECTION,FTL,Invoice Sent,9/4/2025,9/4/2025,9/4/2025,9/5/2025,,",",",",-175,0,0,0,175,0,175,Mark,TEAM_LEAD,0,0,0,0,Net 30,Yes,66,Paid,9/4/2025,9/4/2025,10/28/2025,175,175,0,No,0,Shipper 9,Carrier 3,175,175,0,0,,FALSE,FALSE
LD310,RECEIVED,DRAYAGE,Received,9/4/2025,9/15/2025,9/17/2025,9/17/2025,10/31/2025,",",",",319,589,475,1064,745,0,745,Mark,TEAM_LEAD,1064,1064,1064,1064,Net 30,No,0,BillNotPaid,9/24/2025,9/24/2025,,0,0,0,Yes,76,Shipper 2,Carrier 112,0,0,0,0,46,FALSE,FALSE
LD311,RECEIVED,DRAYAGE,Received,9/4/2025,9/15/2025,9/17/2025,9/17/2025,10/31/2025,",",",",229,589,575,1164,935,0,935,Mark,TEAM_LEAD,1164,1164,1164,1164,Net 30,No,0,BillNotPaid,9/24/2025,9/24/2025,,0,0,0,Yes,76,Shipper 2,Carrier 29,0,0,0,0,46,FALSE,FALSE
LD312,COMPLETED,FTL,Received,9/4/2025,9/8/2025,9/8/2025,9/8/2025,10/14/2025,",",",",85,1085,0,1085,1000,0,1000,Rick,BROKER,1085,1085,1085,1085,Net 30,No,0,Paid,9/8/2025,9/8/2025,10/14/2025,1000,1000,0,No,0,Shipper 7,Carrier 113,1000,1000,0,0,36,FALSE,FALSE
LD313,COMPLETED,FTL,Received,9/3/2025,9/4/2025,9/5/2025,9/5/2025,10/6/2025,",",",",100,600,0,600,500,0,500,Mark,TEAM_LEAD,600,600,600,600,Net 30,No,0,Paid,9/5/2025,9/5/2025,10/8/2025,500,500,0,No,0,Shipper 12,Carrier 114,500,500,0,0,32,FALSE,FALSE
LD314,COMPLETED,DRAYAGE,Received,9/3/2025,9/5/2025,9/9/2025,9/9/2025,10/21/2025,",",",",195,500,250,750,555,0,555,Mark,TEAM_LEAD,750,750,750,750,Net 30,No,0,Paid,9/9/2025,9/9/2025,11/23/2025,555,555,0,No,0,Shipper 2,Carrier 29,555,555,0,0,46,FALSE,FALSE
LD315,COMPLETED,DRAYAGE,Received,9/3/2025,9/5/2025,9/9/2025,9/9/2025,10/21/2025,",",",",195,500,250,750,555,0,555,Mark,TEAM_LEAD,750,750,750,750,Net 30,No,0,Paid,9/9/2025,9/9/2025,11/23/2025,555,555,0,No,0,Shipper 2,Carrier 29,555,555,0,0,46,FALSE,FALSE
LD316,COMPLETED,DRAYAGE,Received,9/3/2025,9/5/2025,9/9/2025,9/9/2025,10/21/2025,",",",",121,490,100,590,469,0,469,Mark,TEAM_LEAD,590,590,590,590,Net 30,No,0,Paid,11/20/2025,12/20/2025,11/23/2025,469,469,0,No,0,Shipper 2,Carrier 24,469,469,0,0,46,FALSE,FALSE
LD317,COMPLETED,DRAYAGE,Received,9/3/2025,9/2/2025,9/12/2025,9/12/2025,11/10/2025,"Oakland, California 94607-1046","Sacramento, California 95827-3044",149.5,1050,0,1050,900.5,0,900.5,Ana,BROKER,1050,1050,1050,1050,Net 30,No,0,Paid,9/12/2025,9/12/2025,11/25/2025,900.5,900.5,0,No,0,Shipper 6,Carrier 11,900.5,900.5,0,0,69,FALSE,FALSE
LD318,COMPLETED,FTL,Received,9/2/2025,9/3/2025,9/3/2025,9/3/2025,10/7/2025,",",",",165,565,0,565,400,0,400,Rick,BROKER,565,565,565,565,Net 30,No,0,Paid,9/3/2025,9/3/2025,11/23/2025,400,400,0,No,0,Shipper 10,Carrier 115,400,400,0,0,34,FALSE,FALSE
LD319,COMPLETED,FTL,Received,9/2/2025,9/2/2025,9/4/2025,9/4/2025,9/29/2025,",",",",30,300,0,300,270,0,270,Mark,TEAM_LEAD,300,300,300,300,Net 30,No,0,Paid,9/4/2025,9/4/2025,11/4/2025,270,270,0,No,0,Shipper 9,Carrier 37,270,270,0,0,27,FALSE,FALSE
LD320,COMPLETED,DRAYAGE,Received,9/2/2025,9/2/2025,9/12/2025,9/12/2025,10/15/2025,"Baltimore, Maryland 21224","Manassas, Virginia 20109",200,950,0,950,750,0,750,Ana,BROKER,950,950,950,950,Net 15,No,0,Paid,9/12/2025,9/12/2025,9/16/2025,731.25,750,0,No,0,Shipper 3,Carrier 116,731.25,750,-18.75,-0.025641026,43,FALSE,FALSE
LD321,COMPLETED,LTL,Received,9/15/2025,9/18/2025,9/30/2025,9/30/2025,11/13/2025,",",",",-144.82,562.22,0,562.22,707.04,0,707.04,Mark,TEAM_LEAD,562.22,562.22,562.22,562.22,Net 30,No,0,Paid,9/30/2025,9/30/2025,11/3/2025,707.04,707.04,0,No,0,Shipper 22,Carrier 5,707.04,707.04,0,0,56,FALSE,FALSE
LD322,RECEIVED,FTL,Received,9/2/2025,9/4/2025,9/4/2025,9/4/2025,10/3/2025,",",",",35,1535,0,1535,1500,0,1500,Rick,BROKER,1535,1535,1535,1535,Net 30,No,0,BillNotPaid,9/4/2025,9/4/2025,,0,0,0,Yes,96,Shipper 7,Carrier 11,0,0,0,0,29,FALSE,FALSE
